9.0,18.5,59.5,51.9,55.8,62.1,62.5,83.2,92.7,97.0,94.8,97.7,92.6,90.7,79.1,73.3,68.8,64.4,59.9,59.3,55.0,61.5,67.6,71.6,73.4,71.8,66.7,71.5,70.7,73.8,78.5,79.5,83.1,93.3,85.6,80.6,80.5,77.1,73.2,78.2,75.7,77.1,73.9,80.3,81.0,84.8,84.8,90.6,88.6,81.5,78.9,82.6,84.7,86.9,91.1,89.4,96.1,90.2,95.7,69.9,42.9,41.0,50.7,82.3,68.9,67.8,76.8,95.9,95.5,85.9,89.2,109.8,99.6,95.1,95.6,99.6,101.1,117.4,105.3,104.3,107.8,99.4,104.9,118.2,107.1,108.5,112.3,115.8,117.0,123.3,127.1
18.8,9.8,48.9,41.3,45.1,51.4,51.3,72.6,82.0,86.3,84.1,87.0,81.9,80.0,68.5,62.7,58.1,53.7,49.2,48.6,44.4,50.8,56.9,60.9,62.7,61.1,56.1,60.9,60.0,63.1,67.9,68.9,72.4,82.6,74.9,69.9,69.9,66.4,62.6,67.6,65.1,66.4,63.3,69.7,70.3,74.1,74.2,79.9,77.9,70.9,68.2,72.0,74.0,76.2,80.4,78.7,85.5,79.5,85.1,59.2,32.2,46.6,40.2,71.7,58.2,57.2,66.1,85.2,84.8,75.3,78.5,99.1,88.9,84.5,84.9,88.9,90.5,106.8,94.6,93.6,97.1,88.8,94.2,107.5,96.4,97.8,101.7,105.2,106.4,112.6,116.4
60.2,48.9,4.6,10.4,13.7,20.0,57.2,41.4,50.8,55.1,52.8,55.6,50.6,48.6,37.3,31.5,27.7,22.3,17.8,16.1,11.1,12.6,11.2,27.7,30.8,29.7,24.7,29.5,28.7,31.8,36.5,37.5,41.0,51.3,43.6,38.6,38.5,35.0,31.2,36.2,32.9,33.2,30.0,36.4,39.0,42.7,42.8,48.6,44.7,37.6,35.0,38.7,40.8,43.0,47.8,47.3,52.2,46.3,51.8,26.0,20.1,35.3,27.6,27.0,24.9,23.9,32.9,52.0,51.6,43.9,47.2,67.8,57.6,53.1,53.6,57.1,59.1,75.0,63.2,62.3,65.3,57.4,62.9,76.1,65.1,66.4,70.3,73.8,75.0,81.2,85.0
52.3,41.1,10.2,4.0,8.9,15.1,52.4,36.5,45.9,50.2,47.9,50.7,45.7,43.7,32.4,26.6,22.8,17.4,13.0,11.2,7.1,13.5,19.5,23.6,26.5,24.8,19.8,24.6,23.8,26.9,31.6,32.6,36.1,46.4,38.7,33.7,33.6,30.2,26.3,31.3,28.7,29.0,25.9,32.3,34.1,37.8,37.9,43.7,40.5,33.5,30.8,34.6,36.6,38.8,43.6,42.4,48.1,42.1,47.7,21.8,12.3,27.5,19.8,34.3,20.8,19.8,28.7,47.8,47.4,39.0,42.3,62.9,52.7,48.2,48.7,52.7,54.2,70.5,58.3,57.4,60.8,52.5,58.0,71.3,60.2,61.5,65.4,68.9,70.1,76.3,80.1
55.9,44.7,13.7,8.8,3.3,10.3,46.5,31.3,40.8,45.1,44.4,47.7,42.1,40.8,27.2,21.4,16.9,14.4,10.7,12.1,7.4,14.3,20.3,24.4,24.2,22.6,17.5,22.3,20.8,23.9,26.9,29.6,33.2,43.4,35.7,30.7,30.6,27.2,23.3,28.6,26.5,29.9,26.7,32.9,31.3,34.8,34.9,40.7,39.3,34.3,31.7,35.4,37.5,39.7,41.2,39.5,48.8,42.9,48.5,22.7,15.8,30.9,23.3,35.1,21.7,20.6,29.6,46.6,48.0,36.0,39.3,59.9,49.7,45.2,45.7,49.7,51.2,67.5,55.4,54.4,57.9,49.5,55.0,68.3,57.2,58.5,62.4,65.9,67.1,73.3,77.1
62.0,50.8,19.9,15.0,10.3,4.7,41.0,25.9,35.3,39.6,39.0,43.7,36.7,36.7,21.8,16.0,11.5,11.1,11.1,15.8,13.0,20.5,26.5,30.6,25.6,24.0,18.7,22.1,17.4,18.8,21.5,26.2,29.8,40.0,32.3,27.3,27.3,23.8,20.0,25.2,23.3,29.2,32.9,29.6,28.0,31.5,31.6,37.3,35.9,31.8,32.8,39.8,39.0,36.3,37.8,36.1,45.5,39.5,45.1,28.6,22.0,37.1,29.5,41.3,25.4,26.8,33.1,43.2,44.6,32.7,35.9,56.3,46.3,41.8,42.3,46.3,47.8,64.2,52.0,51.0,54.5,46.2,51.6,64.9,53.8,55.2,59.1,62.6,63.7,70.0,73.8
62.7,51.3,57.0,52.1,46.3,40.9,18.7,48.1,57.5,61.8,61.2,65.9,58.9,58.8,44.0,38.2,37.7,43.4,47.0,52.7,50.7,52.7,58.5,58.3,52.9,53.5,46.9,47.2,42.5,42.8,43.7,49.4,52.3,65.1,57.4,52.4,52.3,48.7,45.0,50.2,48.4,54.3,60.0,54.6,53.0,56.5,56.6,62.4,61.0,56.8,57.8,64.8,64.0,61.4,62.8,61.1,70.5,64.6,70.1,53.6,58.1,73.2,65.6,73.3,57.3,56.7,58.1,68.2,69.7,57.7,61.0,78.4,71.4,66.9,67.4,71.4,72.9,89.2,77.0,76.1,79.5,71.2,76.7,89.9,78.9,80.2,84.1,87.6,88.8,95.0,98.8
84.0,72.7,42.1,37.2,32.1,26.7,48.6,4.7,9.4,13.7,13.1,17.8,10.8,12.1,11.3,11.9,23.5,23.8,27.4,33.1,35.2,33.1,38.9,35.7,30.3,32.8,26.4,25.9,22.7,22.5,16.6,14.5,10.4,20.9,16.3,21.9,26.7,17.7,19.6,24.8,25.7,31.6,37.3,31.9,30.3,26.1,21.1,22.5,27.8,31.9,32.9,39.9,37.3,32.1,29.5,22.6,37.2,37.4,43.4,31.0,43.9,59.0,51.4,53.7,37.7,34.0,34.8,29.7,34.9,19.3,23.2,30.4,26.5,28.4,29.0,32.9,34.0,48.5,36.0,34.9,41.0,29.4,32.9,47.5,37.7,39.1,43.0,46.5,47.7,53.9,57.7
92.4,81.2,50.5,45.6,40.5,35.1,57.1,12.2,5.9,8.9,13.1,14.4,15.1,18.5,19.7,20.3,31.9,32.2,35.8,41.5,43.6,41.6,47.3,44.1,38.7,41.2,34.9,34.3,31.1,30.9,25.1,22.9,18.8,27.4,24.8,30.4,35.1,26.1,28.0,33.2,34.1,40.0,45.8,40.4,38.8,34.5,29.5,28.8,36.3,40.3,41.3,48.3,45.7,40.5,37.9,31.1,45.6,45.9,51.8,39.4,52.3,67.4,59.8,62.1,46.1,42.4,43.2,38.2,43.3,27.8,31.7,26.9,23.1,36.8,31.0,35.0,30.5,45.0,32.5,31.5,38.6,26.0,29.5,44.0,34.3,35.7,39.5,43.0,44.2,50.5,54.3
96.9,85.7,55.0,50.1,45.0,39.6,61.6,16.8,8.9,3.6,10.2,11.6,12.4,15.8,24.2,24.8,36.4,36.8,40.3,46.0,48.1,46.1,51.8,42.9,37.5,40.0,33.6,33.1,30.4,32.2,23.8,21.7,17.6,24.6,23.6,29.2,34.0,25.0,26.8,32.1,32.9,38.8,44.5,39.1,37.5,33.4,28.4,26.0,35.1,39.2,40.2,47.2,44.6,39.4,36.8,29.9,44.5,44.7,50.7,38.2,56.8,71.9,64.3,63.4,50.1,41.2,42.1,37.0,42.2,26.6,30.5,24.1,20.3,34.1,28.2,32.2,27.7,42.2,29.7,28.7,35.8,23.2,26.7,41.3,31.5,32.9,36.7,40.2,41.4,47.7,51.5
95.0,83.8,52.9,48.0,44.7,39.3,61.2,16.4,13.9,9.9,3.8,8.3,8.3,10.5,21.2,24.5,36.1,34.6,38.2,43.9,46.0,44.0,49.7,39.9,34.5,37.0,30.7,30.1,27.4,29.2,20.9,18.7,14.6,21.1,20.7,26.3,31.0,22.0,23.8,29.1,29.9,35.8,41.6,36.2,34.6,30.4,25.4,22.5,32.2,36.2,37.2,44.2,41.6,36.4,33.8,27.0,41.5,41.8,47.7,35.2,55.0,70.0,62.5,60.4,47.1,38.3,39.1,34.1,39.2,23.7,27.6,21.6,17.8,31.6,25.7,29.7,25.2,39.7,27.2,26.2,33.3,20.7,24.2,38.7,29.0,30.4,34.2,37.7,38.9,45.2,48.9
97.3,86.0,55.1,50.2,47.2,43.8,66.1,21.3,14.9,11.7,8.3,4.9,14.1,11.4,23.9,29.4,39.9,36.9,40.1,45.7,48.2,45.8,51.6,39.5,34.1,38.6,32.2,31.5,29.0,31.5,23.8,19.6,17.1,18.1,19.8,25.4,30.1,21.1,25.6,28.2,29.5,35.4,41.1,35.8,34.2,29.6,24.6,18.6,31.3,35.4,36.4,43.4,40.8,35.6,32.8,25.6,40.7,40.9,46.9,34.8,57.2,72.3,64.7,60.0,46.9,37.8,38.3,30.5,34.4,22.8,26.7,16.3,12.5,26.3,20.4,24.4,19.9,34.4,21.9,20.9,28.0,15.4,18.9,33.4,23.7,25.0,28.9,32.4,33.6,39.8,43.6
92.9,81.6,50.7,45.8,42.4,37.1,59.0,14.2,15.4,12.2,7.4,13.8,2.9,8.5,19.0,22.2,33.8,32.5,36.0,41.7,43.8,41.8,47.6,37.7,32.3,34.9,28.5,27.9,25.3,27.1,18.7,16.5,12.4,19.1,18.5,24.1,28.9,19.8,21.7,27.0,27.8,33.6,39.4,34.0,32.4,28.2,23.2,20.5,30.0,34.0,35.1,42.0,39.5,34.2,31.6,24.8,39.3,39.6,45.6,33.0,52.8,67.9,60.3,58.2,44.9,36.1,36.9,31.9,37.0,21.5,25.4,27.1,23.2,30.5,30.1,35.0,30.7,45.2,32.7,31.7,38.8,26.2,29.7,44.2,34.5,35.8,39.7,43.2,44.4,50.6,54.4
90.7,79.5,48.5,43.6,40.6,36.5,58.5,12.8,18.7,15.6,10.5,12.0,8.2,3.3,16.9,21.7,33.3,30.3,33.5,39.1,41.6,39.2,45.0,32.9,27.5,32.0,25.6,24.9,22.4,24.9,16.6,13.0,10.0,11.5,13.3,18.9,23.5,14.5,19.0,21.7,22.9,28.8,34.6,29.2,27.6,23.0,18.0,13.0,24.8,28.8,29.8,36.8,34.2,29.0,26.4,19.6,34.1,34.4,40.3,28.2,50.6,65.7,58.1,53.4,40.3,31.3,31.7,26.7,31.8,16.3,20.2,25.1,20.1,25.3,23.7,29.8,28.7,43.2,30.7,29.7,36.8,24.1,27.7,42.2,32.4,33.8,37.7,41.2,42.4,48.6,52.4
78.9,67.7,37.1,32.1,27.1,21.7,43.6,10.1,19.6,23.9,21.3,25.7,19.2,17.2,4.0,6.9,18.4,18.8,22.4,28.1,30.2,28.1,33.9,31.4,26.0,28.6,22.2,21.6,17.7,16.4,7.8,10.2,9.6,23.4,16.8,18.6,23.0,14.0,15.3,21.2,21.4,27.3,33.1,27.7,26.1,22.8,22.8,25.0,27.5,29.9,30.9,37.9,37.0,31.7,29.1,25.2,36.8,37.1,43.1,26.7,38.8,54.0,46.4,48.7,32.7,29.8,31.2,32.3,36.0,21.9,25.8,38.8,33.7,30.9,31.5,35.4,37.1,53.3,41.2,40.2,43.6,35.4,40.8,54.1,43.0,44.4,48.3,51.8,53.0,59.2,63.0
73.5,62.3,31.7,26.8,21.7,16.3,38.2,10.4,19.8,24.1,23.5,28.2,21.2,21.2,6.3,3.4,13.0,13.4,17.0,22.7,24.8,22.7,28.5,27.8,22.4,23.3,16.8,17.0,12.3,12.1,8.6,13.5,14.6,28.1,21.4,19.3,21.4,14.7,14.1,19.5,17.8,23.7,29.5,24.1,22.5,23.5,23.5,29.3,28.2,26.3,27.3,34.3,33.5,30.8,29.8,28.0,37.5,34.0,39.6,23.1,33.4,48.6,41.0,43.3,27.3,26.2,27.6,35.2,36.7,24.6,27.9,40.8,36.9,33.8,34.3,38.3,39.8,56.1,43.9,43.0,46.5,38.1,43.3,56.9,45.8,47.1,51.0,54.5,55.7,61.9,65.7
68.9,57.7,27.7,22.8,17.1,11.7,37.8,22.7,32.1,36.4,35.8,40.3,33.5,33.3,18.6,12.8,4.2,13.0,16.6,22.2,21.4,22.3,28.1,29.2,23.8,23.9,16.7,18.1,13.3,13.7,18.3,22.2,25.7,36.0,28.3,23.2,23.2,19.7,15.9,21.1,19.3,25.1,30.9,25.5,23.9,27.4,27.5,33.3,31.9,27.7,28.7,35.7,34.9,32.3,33.7,32.0,41.4,35.5,41.0,24.5,28.8,43.9,36.3,42.9,26.9,27.6,29.0,39.1,40.6,28.6,31.8,52.5,42.2,37.8,38.3,42.3,43.8,60.1,47.9,46.9,50.4,42.1,47.6,60.8,49.7,51.1,55.0,58.5,59.7,65.9,69.7
64.4,53.2,22.2,17.3,14.3,10.9,43.7,23.1,32.5,36.9,34.5,37.4,32.3,30.4,19.0,13.2,13.1,4.0,6.4,12.1,15.3,12.1,17.9,22.0,15.1,13.5,8.5,13.3,10.4,13.5,18.2,19.2,22.8,33.0,25.3,20.3,20.3,16.8,13.0,18.2,16.3,21.6,24.4,22.5,21.0,24.5,24.6,30.3,28.9,24.8,25.8,32.8,32.0,29.3,30.8,29.1,38.5,32.5,38.1,20.2,24.3,39.4,31.8,32.7,16.7,18.3,26.0,36.2,37.6,25.7,28.9,49.5,39.3,34.8,35.3,39.3,40.8,57.2,45.0,44.0,47.5,39.1,44.6,57.9,46.8,48.2,52.1,55.6,56.7,63.0,66.8
59.8,48.6,17.7,12.8,10.3,11.1,47.3,26.8,36.2,40.6,38.2,40.6,36.0,34.1,22.7,16.9,16.8,6.8,2.4,6.9,10.8,10.7,16.5,20.6,15.1,13.5,8.4,13.3,13.3,17.2,21.9,22.9,26.5,36.2,28.5,23.5,23.5,20.5,15.3,19.9,17.5,21.6,22.9,24.3,22.7,27.7,27.7,33.5,30.7,26.5,27.5,31.6,33.7,31.1,34.0,32.3,40.2,34.3,39.8,18.9,19.8,34.8,27.3,31.2,15.2,16.8,25.7,39.4,39.7,28.8,32.1,52.7,42.5,38.0,38.5,42.5,44.0,60.3,48.2,47.2,50.7,42.3,47.8,61.1,50.0,51.4,55.2,58.7,59.9,66.2,70.0
59.2,48.0,15.9,11.0,11.7,15.7,52.7,32.2,41.6,45.9,43.6,45.9,41.4,39.4,28.1,22.3,22.2,12.2,6.9,2.7,6.8,6.3,12.4,16.5,19.6,18.8,13.8,18.6,18.7,22.6,27.3,28.3,31.8,41.6,33.8,28.8,28.9,25.9,20.6,25.3,21.6,21.9,18.8,25.2,28.1,31.9,33.1,38.8,33.4,26.4,23.7,27.5,29.6,31.7,36.5,37.6,41.0,35.0,40.6,14.8,19.1,34.2,26.6,27.2,13.1,12.7,21.6,40.8,40.4,34.2,36.2,58.0,47.8,43.4,43.8,45.8,49.4,63.7,53.5,52.5,54.0,47.7,53.1,66.4,55.3,56.7,60.6,64.1,65.3,71.5,75.3
55.3,44.1,11.4,7.4,7.5,13.1,51.0,34.4,43.9,48.2,45.8,48.7,43.6,41.7,30.4,24.5,21.5,15.4,10.9,6.9,2.4,9.1,15.1,19.2,22.3,22.3,17.4,22.2,21.7,24.8,29.6,30.6,34.1,44.3,36.6,31.6,31.6,28.1,24.2,28.5,24.4,24.7,21.5,27.9,31.2,34.6,35.9,41.6,36.2,29.1,26.5,30.2,32.3,34.5,39.3,40.4,43.7,37.8,43.3,17.5,15.2,30.3,22.7,29.9,16.4,15.4,24.4,43.5,43.1,37.0,38.9,60.8,50.6,46.2,46.6,48.6,52.2,66.4,56.2,55.3,56.8,50.5,55.9,69.2,58.1,59.5,63.4,66.9,68.1,74.3,78.1
61.7,50.5,12.2,13.5,14.2,20.4,53.0,32.5,41.9,46.2,43.9,46.2,41.7,39.7,28.4,22.6,22.5,12.5,10.9,6.3,9.3,4.1,6.4,15.9,19.0,19.0,14.1,18.9,19.0,22.9,27.6,28.6,32.2,41.9,34.2,29.1,28.7,26.2,20.9,25.2,21.1,21.4,18.3,24.7,28.0,31.4,33.4,39.2,32.9,25.9,23.2,27.0,29.0,31.2,36.0,37.9,40.5,34.5,40.1,14.2,21.6,36.7,29.1,21.2,13.1,12.2,21.1,40.2,39.8,34.5,35.7,58.4,48.1,43.7,44.1,45.3,49.4,63.2,53.0,52.8,53.5,48.0,53.4,66.7,55.6,57.0,60.9,63.8,65.6,71.8,75.6
68.0,56.8,11.2,19.8,20.5,26.7,58.8,38.2,47.7,52.0,49.6,52.0,47.4,45.4,34.1,28.3,28.2,18.2,16.6,12.6,15.6,6.5,3.9,21.7,24.8,24.7,19.8,24.6,24.7,28.6,33.3,34.3,37.9,47.6,39.9,34.9,34.4,31.9,26.7,31.0,26.8,27.1,24.0,30.4,33.7,37.1,39.1,44.9,38.7,31.6,29.0,32.7,34.8,36.9,41.7,43.6,46.2,40.2,45.8,20.0,27.9,43.0,35.5,17.3,18.8,17.9,26.8,46.0,45.6,40.2,41.4,64.1,53.9,49.4,49.9,51.0,55.1,68.9,58.7,58.6,59.3,53.7,59.2,72.5,61.4,62.7,66.6,69.5,71.3,77.5,81.3
71.9,60.7,27.6,23.7,24.3,30.4,58.7,35.2,44.7,42.9,39.8,39.7,37.6,33.1,31.3,27.8,29.6,21.9,20.3,16.5,19.4,16.1,21.9,2.3,10.3,13.2,18.3,14.5,17.0,21.7,24.6,24.5,28.1,35.2,27.5,22.5,19.9,20.5,16.6,16.5,12.4,12.7,8.6,16.0,19.3,22.7,26.8,32.5,24.3,17.2,14.6,17.2,20.4,22.5,27.4,30.0,31.8,25.8,31.4,5.5,31.8,46.9,39.3,22.2,17.8,5.8,12.4,31.6,31.2,27.9,27.0,51.7,41.5,35.8,37.5,36.6,40.7,54.5,44.3,46.2,44.9,41.3,46.8,60.1,49.0,50.4,52.2,55.1,58.9,65.1,67.6
73.3,62.1,30.5,26.2,23.7,24.9,53.3,29.9,39.3,37.6,34.5,34.3,32.3,27.8,26.0,22.5,24.3,15.1,14.7,19.4,22.3,19.0,24.8,10.3,2.6,5.8,9.4,6.6,11.6,16.3,19.3,19.2,22.7,29.9,22.2,17.2,14.6,15.2,11.2,11.2,7.1,8.1,12.0,15.2,14.0,20.4,21.4,27.2,21.9,17.5,14.8,18.6,20.6,22.3,26.5,26.0,31.5,25.5,31.1,5.6,33.2,48.3,40.7,30.8,13.3,8.7,12.5,31.3,30.9,22.5,24.7,46.4,36.2,31.7,32.2,36.2,37.7,54.0,41.9,40.9,44.4,36.0,41.5,54.8,43.7,45.1,48.9,52.4,53.6,59.9,63.7
71.7,60.5,29.5,24.6,22.1,23.3,53.7,32.3,41.8,40.0,36.9,39.0,34.7,32.4,28.4,23.2,23.9,13.5,13.1,18.8,22.3,18.8,24.6,13.2,5.8,2.8,8.1,11.1,11.7,18.5,21.7,21.6,25.2,34.6,26.9,21.9,20.3,19.2,13.7,16.8,12.7,13.5,15.4,20.5,19.6,26.0,26.1,31.9,27.6,21.9,19.2,23.0,25.0,27.2,32.0,30.6,36.4,30.5,36.1,9.1,31.6,46.7,39.1,33.7,10.1,8.2,16.9,36.2,35.8,27.2,30.3,51.1,40.9,36.4,36.9,40.9,42.4,58.7,46.5,45.6,49.0,40.7,46.2,59.5,48.4,49.7,53.6,57.1,58.3,64.5,68.3
66.8,55.6,24.6,19.7,17.2,18.4,46.7,26.1,35.5,33.8,30.7,32.7,28.5,26.2,22.0,16.1,16.7,8.3,8.2,13.9,17.4,13.9,19.7,18.2,9.6,8.1,2.4,5.4,5.5,12.3,15.5,15.4,18.9,28.4,20.6,15.6,15.7,12.9,7.4,12.1,9.6,14.2,19.9,16.5,14.9,19.8,19.9,25.6,22.8,18.7,19.7,26.6,25.9,23.2,26.1,24.4,32.4,26.4,32.0,13.5,26.7,41.8,34.2,34.5,18.2,15.5,19.4,31.5,31.8,21.0,24.2,44.8,34.6,30.2,30.6,34.7,36.2,52.5,40.3,39.3,42.8,34.5,39.9,53.2,42.1,43.5,47.4,50.9,52.1,58.3,62.1
71.8,60.6,29.7,24.7,22.3,22.0,47.1,25.7,35.1,33.4,30.2,31.7,28.0,25.2,21.8,16.6,18.1,13.3,13.3,18.9,22.4,19.0,24.8,14.4,6.6,11.2,5.4,1.3,5.1,11.9,15.1,15.0,18.5,27.3,19.6,14.6,12.0,12.5,7.0,8.6,4.9,10.3,16.1,13.0,11.4,17.8,18.8,24.6,19.3,15.2,16.2,22.8,22.4,19.7,23.9,23.4,28.9,22.9,28.5,9.7,31.7,46.8,39.2,34.9,18.8,12.8,15.6,28.7,28.3,19.9,22.1,43.8,33.6,29.1,29.6,33.6,35.1,51.4,39.3,38.3,41.8,33.4,38.9,52.2,41.1,42.5,46.3,49.8,51.0,57.3,61.1
70.8,59.6,28.7,23.7,20.7,17.3,42.5,21.8,31.3,30.7,27.5,29.6,25.3,23.1,17.8,11.9,13.5,10.4,13.0,18.7,21.8,18.7,24.5,17.1,11.6,11.6,5.2,5.3,2.6,8.9,12.4,12.3,15.8,25.2,17.5,12.5,12.5,9.8,4.3,9.0,7.1,13.0,18.7,13.3,11.7,16.7,16.8,22.5,19.7,15.5,16.6,23.6,22.8,20.1,23.0,21.3,29.2,23.3,28.9,12.4,30.7,45.8,38.2,37.6,21.6,15.4,16.9,28.4,28.7,17.9,21.1,41.7,31.5,27.0,27.5,31.5,33.0,49.4,37.2,36.2,39.7,31.3,36.8,50.1,39.0,40.4,44.3,47.7,48.9,55.2,59.0
74.4,63.2,32.2,27.3,24.3,19.1,42.9,21.7,31.1,32.3,29.2,32.0,27.0,25.0,16.9,11.8,13.9,14.0,17.5,23.2,25.3,23.3,29.0,21.4,16.0,18.3,11.9,11.5,8.7,3.3,11.5,13.9,17.4,27.7,20.0,15.0,14.9,11.4,7.6,13.0,11.4,17.3,23.0,17.6,16.0,19.1,19.2,25.0,23.8,19.8,20.9,27.9,27.1,24.4,25.4,23.7,33.1,27.6,33.2,16.7,34.3,49.4,41.8,41.9,27.8,19.7,21.2,30.8,32.3,20.3,23.6,44.2,34.0,29.5,30.0,34.0,35.5,51.8,39.6,38.7,42.1,33.8,39.3,52.5,41.5,42.8,46.7,50.2,51.4,57.6,61.4
78.8,67.6,36.6,31.7,27.0,21.6,43.5,16.4,25.9,24.1,21.0,24.9,18.8,16.9,8.2,8.6,18.4,18.4,21.9,27.6,29.7,27.7,33.5,24.1,18.7,21.2,14.8,14.2,11.6,11.3,2.6,5.7,9.3,22.6,15.4,11.2,15.7,6.7,8.0,13.8,14.1,20.0,25.7,20.3,18.7,15.5,15.5,21.3,20.1,22.5,23.6,30.6,29.6,24.4,21.8,20.0,29.5,29.8,35.7,19.4,38.7,53.8,46.2,44.6,31.3,22.4,23.9,27.1,28.6,16.6,19.9,38.0,30.2,25.8,26.2,30.3,31.8,48.1,35.9,34.9,38.4,30.1,35.6,48.8,37.7,39.1,43.0,46.5,47.7,53.9,57.7
79.9,68.7,37.8,32.9,29.9,26.5,49.3,13.6,23.0,21.3,18.2,20.5,16.0,14.0,9.7,14.3,22.6,19.5,23.1,28.8,30.9,28.9,34.6,24.8,19.4,22.0,15.6,15.0,12.4,14.1,5.8,2.8,6.4,18.0,10.4,12.0,16.4,7.4,8.7,14.6,14.8,20.7,26.5,21.1,19.5,16.2,16.2,19.6,20.9,23.3,24.3,31.3,30.4,25.1,22.5,19.7,30.2,30.5,36.5,20.1,39.9,54.9,47.4,45.3,32.0,23.2,24.6,26.8,29.4,16.4,20.3,33.6,28.6,25.5,26.1,30.0,31.6,47.8,35.7,34.8,38.1,29.9,35.4,48.7,37.6,38.9,42.8,46.3,47.5,53.7,57.5
83.2,72.0,41.0,36.1,33.1,29.7,51.8,10.0,19.4,17.7,14.5,17.9,12.3,10.0,9.3,15.0,25.9,22.8,26.4,32.0,34.1,32.1,37.9,28.1,22.6,25.2,18.8,18.2,15.6,17.4,9.0,6.9,3.0,15.3,10.7,14.6,19.0,9.9,12.0,17.1,18.1,24.0,29.7,24.3,22.7,18.8,15.5,16.9,22.3,26.3,27.3,34.3,31.7,26.5,23.9,17.1,31.6,31.9,37.9,23.3,43.1,58.2,50.6,48.5,35.2,26.4,27.9,24.2,29.3,13.8,17.7,31.0,25.9,22.8,23.4,27.3,28.9,45.1,33.1,32.1,35.5,27.3,32.7,46.0,34.9,36.3,40.2,43.7,44.8,51.1,54.9
92.9,81.7,50.7,45.8,42.8,39.4,64.6,19.8,27.4,24.3,21.2,18.2,18.9,11.7,22.4,28.1,35.5,32.5,35.8,41.5,43.8,41.5,47.3,35.2,29.7,34.4,28.0,27.1,24.8,27.1,22.3,17.6,15.5,4.6,11.0,15.3,22.9,18.1,21.3,23.9,25.2,31.1,33.5,26.4,24.9,19.7,14.7,8.6,21.5,25.5,26.5,33.5,30.9,25.7,23.1,16.3,30.8,31.1,37.1,30.4,52.8,67.9,60.3,55.6,42.5,33.5,28.4,23.4,28.5,12.4,16.9,26.3,19.5,22.0,19.4,26.1,24.9,41.6,29.1,28.1,34.7,23.2,28.7,42.0,30.9,32.3,36.2,39.7,40.8,47.1,50.9
85.0,73.8,42.9,38.0,34.9,31.6,56.8,15.9,25.3,23.8,20.6,20.4,18.5,13.8,15.1,20.8,27.7,24.6,28.0,33.6,36.0,33.7,39.5,27.3,21.9,26.5,20.1,19.3,16.9,19.2,15.0,9.9,9.9,11.0,3.1,8.4,16.0,10.2,13.5,16.1,17.3,23.2,29.0,23.1,20.6,14.4,8.7,12.7,18.1,22.1,23.2,30.2,27.6,22.4,19.8,12.9,27.5,27.7,33.7,22.6,44.9,60.0,52.5,47.8,34.7,25.7,25.1,20.0,25.1,9.6,13.5,31.8,23.3,18.7,19.3,23.2,24.8,41.0,28.9,28.0,31.3,23.1,28.6,41.9,30.8,32.1,36.0,39.5,40.7,46.9,50.7
79.8,68.5,37.6,32.7,29.7,26.3,51.5,21.0,30.5,28.9,25.8,25.4,23.6,18.9,17.7,18.4,22.4,19.4,22.7,28.4,30.7,28.4,34.2,22.0,16.6,21.3,14.9,14.0,11.7,14.0,11.0,10.9,14.2,15.5,8.4,2.8,7.7,4.9,8.2,10.8,12.1,18.0,23.4,16.3,13.2,6.8,7.2,13.0,11.5,15.4,16.4,23.4,20.9,15.7,13.1,11.7,20.8,21.1,27.1,17.3,39.7,54.8,47.2,42.5,29.4,20.4,18.3,18.8,20.0,8.3,11.2,32.2,22.0,17.5,18.0,22.0,23.5,39.8,27.6,26.7,30.1,21.8,27.3,40.5,29.5,30.8,34.7,38.2,39.4,45.6,49.4
80.4,69.2,38.3,33.4,30.4,27.0,52.2,25.9,35.3,33.7,30.6,30.3,28.4,23.7,22.3,20.8,23.1,20.1,23.3,28.9,31.4,29.0,34.8,20.4,14.9,20.4,15.4,12.3,12.2,14.7,15.6,15.5,19.0,23.2,16.1,7.7,2.6,10.4,8.9,6.0,10.4,14.6,19.1,10.1,6.6,7.0,11.4,20.2,11.1,12.3,13.3,20.3,19.5,16.9,15.5,16.7,23.2,20.1,25.6,15.6,40.4,55.5,47.9,40.8,27.7,18.7,13.6,22.8,22.4,15.0,13.7,39.7,29.6,22.4,25.6,26.9,30.9,44.7,34.5,34.3,35.1,29.5,34.9,48.2,37.1,38.5,42.4,45.3,47.1,53.3,57.1
76.2,65.0,34.0,29.1,26.1,22.7,47.9,18.0,27.5,25.9,22.8,22.4,20.6,15.9,14.7,15.5,18.9,15.8,19.0,24.6,27.1,24.7,30.5,18.4,13.0,17.5,11.2,10.4,7.9,10.4,8.0,7.9,11.2,19.0,11.3,6.3,9.0,2.0,4.5,7.2,8.5,14.3,20.1,14.7,13.1,10.6,10.6,16.3,15.2,16.9,17.9,24.9,24.2,19.5,16.9,15.1,24.6,24.7,30.2,13.7,36.1,51.2,43.6,38.9,25.8,16.8,18.3,22.2,23.7,11.7,15.0,35.5,25.3,20.8,21.3,25.3,26.8,43.2,31.0,30.0,33.5,25.2,30.6,43.9,32.8,34.2,38.1,41.6,42.7,49.0,52.8
73.7,62.5,31.5,26.6,23.6,20.2,45.4,19.0,28.5,26.7,23.6,25.7,21.4,19.1,15.1,14.0,16.4,13.3,15.1,20.8,24.3,20.9,26.6,16.5,11.1,13.7,7.3,6.7,4.1,7.9,8.4,8.3,11.9,21.3,13.6,8.6,9.0,5.9,3.0,7.1,6.6,12.4,18.2,12.8,11.2,12.7,12.8,18.6,17.4,15.0,16.0,23.0,22.2,19.6,19.0,17.3,26.8,22.8,28.3,11.8,33.6,48.7,41.1,37.0,23.7,14.9,16.3,24.5,25.9,13.9,17.2,37.8,27.6,23.1,23.6,27.6,29.1,45.4,33.2,32.3,35.8,27.4,32.9,46.2,35.1,36.4,40.3,43.8,45.0,51.2,55.0
78.4,67.2,36.2,31.3,28.5,25.1,50.3,24.0,33.4,31.9,28.8,28.4,26.6,21.9,20.5,19.0,21.3,18.2,19.8,25.5,29.0,25.6,31.3,17.0,11.6,17.1,12.0,8.8,8.8,12.8,13.8,13.7,17.2,24.0,16.3,10.8,6.0,9.3,7.0,1.8,5.1,9.9,17.0,9.1,7.3,12.5,15.5,21.3,15.5,11.3,12.4,19.4,18.6,15.9,20.1,20.0,25.0,19.1,24.7,12.3,38.3,53.4,45.8,37.5,24.4,15.4,12.7,24.9,24.5,16.6,18.2,40.5,30.3,25.8,26.3,30.0,31.8,47.9,35.9,35.0,38.2,30.1,35.6,48.9,37.8,39.1,43.0,46.5,47.7,53.9,57.7
75.9,64.7,32.7,28.8,26.3,23.4,48.6,25.1,34.6,32.8,29.7,29.6,27.5,23.0,21.2,17.7,19.5,16.4,17.4,21.6,24.5,21.2,27.0,12.5,7.1,12.6,9.5,4.9,7.0,11.6,14.5,14.4,18.0,25.1,17.4,12.4,9.9,10.4,6.5,5.1,1.8,8.3,14.2,10.0,8.4,14.8,16.7,22.4,16.3,12.2,13.2,20.2,19.4,16.7,21.0,21.2,25.9,19.9,25.5,7.8,35.8,50.9,43.3,33.0,19.9,10.9,13.4,25.8,25.4,17.8,19.1,41.6,31.4,26.9,27.4,30.8,32.9,48.7,37.1,36.1,39.1,31.3,36.7,50.0,38.9,40.3,44.2,47.7,48.8,55.1,58.9
77.1,65.9,32.9,28.9,29.6,29.3,54.5,31.0,40.5,38.7,35.6,35.5,33.4,28.9,27.1,23.6,25.4,21.5,21.2,21.8,24.7,21.4,27.1,12.7,8.1,13.6,14.1,10.3,12.9,17.5,20.4,20.3,23.9,31.0,23.3,18.3,14.5,16.3,12.4,9.9,8.2,2.9,8.5,10.3,12.7,19.0,22.6,28.3,20.5,13.4,10.8,14.5,16.6,18.8,23.6,26.2,28.0,22.1,27.6,8.7,37.1,52.1,44.6,33.2,20.9,11.0,6.8,27.8,27.4,23.7,23.2,47.5,37.3,32.0,33.3,32.9,37.0,50.8,40.5,42.0,41.1,37.2,42.6,55.9,44.8,46.2,48.4,51.3,54.8,61.0,63.9
74.2,63.0,29.9,26.0,26.7,32.8,60.3,36.8,46.3,44.5,41.4,41.3,39.2,34.7,32.9,29.4,31.2,24.2,22.6,18.8,21.8,18.4,24.2,8.6,11.9,15.5,19.9,16.1,18.7,23.3,26.2,26.1,29.7,34.0,29.1,23.3,19.1,22.1,18.2,17.0,14.0,8.5,4.0,11.5,15.1,18.2,23.2,29.1,19.7,12.7,10.0,10.9,15.9,18.0,22.8,25.5,27.3,21.3,26.9,7.5,34.1,49.2,41.6,29.0,20.1,8.1,7.9,27.1,26.7,23.9,22.5,48.5,38.5,31.3,34.5,32.1,36.2,50.0,39.8,43.2,40.4,38.3,43.8,57.1,45.8,47.3,47.7,50.6,54.3,60.6,63.1
80.2,69.0,36.0,32.0,32.7,29.9,55.1,31.6,41.1,39.3,36.2,36.1,34.0,29.6,27.7,24.2,26.0,23.0,24.5,24.9,27.8,24.5,30.2,15.8,15.2,20.5,16.7,13.5,13.5,18.1,21.0,20.9,24.5,27.0,23.6,16.4,10.3,17.0,13.0,9.4,10.4,10.3,11.3,2.5,5.2,11.3,16.3,22.1,12.8,4.8,6.8,13.8,14.4,13.4,17.4,18.6,22.5,16.5,22.1,13.6,40.2,55.2,47.7,36.3,26.2,14.1,5.0,22.4,22.0,16.9,15.6,41.6,31.5,24.3,27.5,27.5,31.5,45.3,35.1,36.2,35.7,31.4,36.8,50.1,39.0,40.4,43.0,45.9,49.0,55.2,58.4
80.9,69.7,38.7,33.8,31.1,27.7,52.9,29.5,38.9,37.2,34.0,33.9,31.8,27.4,25.6,22.1,23.9,20.8,22.4,28.0,31.5,28.1,33.8,19.5,14.1,19.6,14.5,11.4,11.3,15.9,18.9,18.8,22.3,25.3,20.8,13.2,6.6,14.8,10.8,7.2,8.4,12.6,15.0,5.2,2.2,9.0,13.4,20.4,11.1,7.6,8.7,15.7,14.9,12.2,15.7,16.9,21.3,15.4,21.0,14.8,40.8,55.9,48.3,40.0,26.9,17.8,8.9,21.2,20.8,15.2,13.9,39.9,29.8,22.6,25.8,26.3,30.4,44.2,33.9,34.5,34.5,29.7,35.1,48.4,37.3,38.7,41.9,44.8,47.3,53.5,57.3
84.8,73.6,42.3,37.8,34.7,31.4,56.6,25.2,34.6,33.0,29.9,29.6,27.7,23.1,22.7,23.5,27.5,24.4,27.8,31.1,34.1,30.7,36.5,22.1,20.2,25.7,19.9,17.5,16.7,19.0,16.0,15.9,19.3,19.9,14.8,7.1,7.0,10.0,13.3,12.5,14.5,18.1,17.6,10.6,9.0,2.7,7.4,15.0,8.0,9.6,10.7,17.6,16.9,12.9,10.3,11.4,18.0,17.4,22.9,19.9,44.7,59.8,52.3,42.6,32.5,20.4,12.5,17.5,17.1,9.8,8.4,34.4,24.4,17.2,20.4,21.6,25.7,39.5,29.2,29.1,29.8,24.2,29.7,43.0,31.9,33.2,37.1,40.1,41.8,48.0,51.8
84.7,73.5,42.5,37.6,34.6,31.2,56.4,20.5,29.9,28.3,25.2,24.9,23.0,18.4,22.5,23.3,27.4,24.3,27.6,33.3,35.6,33.4,39.1,27.0,21.5,26.2,19.8,18.9,16.6,18.9,15.9,15.8,16.2,15.2,8.8,6.9,11.5,9.8,13.1,15.7,17.0,22.9,22.9,15.9,13.4,7.1,2.6,10.9,10.9,14.9,16.0,23.0,20.4,15.1,12.5,8.0,20.2,20.5,26.5,22.2,44.6,59.7,52.1,47.4,34.3,25.3,17.9,15.1,19.4,5.7,6.4,30.4,20.3,13.7,16.3,18.2,21.8,36.1,25.8,25.0,26.4,20.1,25.6,38.9,27.8,29.2,33.1,36.5,37.7,44.0,47.8
90.0,78.8,47.8,42.9,39.9,36.5,61.7,21.5,28.8,25.7,22.6,19.1,20.4,13.1,24.1,28.7,32.7,29.6,33.0,38.6,40.9,38.7,44.5,32.3,26.9,31.5,25.1,24.2,21.9,24.2,21.2,19.3,17.2,8.7,12.8,13.2,20.2,15.2,18.5,21.0,22.3,28.2,29.2,22.1,20.6,15.4,10.9,3.7,17.2,21.2,22.2,29.2,26.6,21.4,18.8,12.0,26.5,26.8,32.8,27.6,49.9,65.0,57.4,52.8,39.6,30.6,24.1,19.1,24.2,6.1,12.6,20.4,13.6,14.4,11.7,18.3,17.2,33.9,21.3,20.4,26.9,15.5,21.0,34.3,23.2,24.5,28.4,31.9,33.1,39.3,43.1
89.0,77.8,44.7,40.8,38.9,35.5,60.7,27.1,36.5,34.9,31.8,31.5,29.6,25.0,26.9,27.6,31.7,28.6,30.9,33.6,36.5,33.2,39.0,24.6,22.7,28.2,23.1,19.9,19.8,23.2,20.2,20.1,22.8,21.8,18.4,11.2,11.1,14.1,17.4,15.7,17.0,20.6,20.1,13.0,11.4,8.0,11.0,16.9,3.3,9.7,13.1,17.3,12.8,7.6,7.9,10.4,15.7,13.3,18.9,22.3,48.9,64.0,56.4,45.0,34.9,22.9,15.0,15.3,14.8,11.7,8.1,33.5,23.3,16.1,19.4,20.3,24.4,38.2,28.0,28.1,28.5,23.2,28.6,42.0,30.9,32.3,35.9,38.8,40.8,47.1,50.9
81.7,70.4,37.4,33.5,34.1,32.1,57.3,31.3,40.7,39.2,36.0,35.8,33.8,29.2,29.9,26.4,28.2,25.1,26.7,26.3,29.2,25.9,31.7,17.2,17.4,21.8,18.9,15.7,15.6,20.3,23.2,23.1,26.7,26.0,22.6,15.4,12.5,18.3,15.2,11.5,12.8,13.3,12.7,4.7,7.7,10.2,15.3,21.1,9.7,2.8,4.1,11.2,9.7,9.2,13.9,16.3,18.3,12.4,18.0,15.0,41.6,56.7,49.1,37.7,27.6,15.6,7.7,18.2,17.8,15.9,14.5,39.5,29.3,22.1,25.3,23.3,27.4,41.2,31.0,34.0,31.5,29.2,34.6,47.9,36.8,38.2,38.9,41.8,45.5,51.7,54.3
78.6,67.4,34.3,30.4,31.1,32.6,57.8,31.9,41.3,39.8,36.6,36.4,34.4,29.8,30.5,27.0,28.8,25.7,27.0,23.2,26.2,22.8,28.6,14.2,14.3,18.7,19.4,16.3,16.2,20.8,23.8,23.7,27.2,26.6,23.2,16.0,13.0,18.9,15.7,12.1,13.3,10.2,9.7,6.8,8.3,10.8,15.9,21.7,12.4,4.1,2.2,9.1,9.5,12.1,16.9,18.1,21.3,15.4,21.0,11.9,38.5,53.6,46.0,34.7,24.6,12.5,4.6,21.1,20.7,16.5,15.1,41.2,31.1,23.9,27.1,26.2,30.3,44.1,33.9,35.8,34.4,30.9,36.4,49.7,38.6,40.0,41.8,44.7,48.4,54.6,57.2
83.1,71.9,38.9,34.9,35.6,40.1,65.3,39.4,48.8,47.3,44.1,43.9,41.9,37.3,38.0,34.5,36.3,33.2,31.6,27.8,30.7,27.4,33.1,16.9,18.8,23.3,26.8,23.1,23.7,28.3,31.3,31.2,34.7,34.1,30.7,23.5,20.5,26.4,23.2,19.6,20.8,14.8,10.7,13.9,15.8,18.3,23.4,29.2,18.0,11.3,8.8,3.1,11.9,14.5,19.3,23.7,23.7,17.8,23.3,16.5,43.1,58.2,50.6,37.3,29.1,17.0,10.9,23.5,23.1,24.0,22.0,46.9,36.6,27.7,32.7,28.6,32.7,46.4,36.2,40.0,36.8,36.5,41.8,53.8,42.2,44.1,44.1,47.0,50.8,57.0,59.6
84.8,73.6,40.6,36.6,37.3,39.0,64.2,36.8,46.2,44.6,41.5,41.2,39.3,34.7,36.6,33.4,35.2,32.1,33.3,29.4,32.4,29.0,34.8,20.4,20.5,25.0,25.8,22.7,22.6,27.2,29.9,29.8,32.5,31.5,28.1,20.9,19.4,23.8,22.1,18.5,19.7,16.4,15.9,14.4,14.6,17.2,20.7,26.6,13.2,9.7,9.5,12.1,3.2,8.5,14.5,18.9,16.4,10.5,16.1,18.2,44.7,59.8,52.3,40.9,30.8,18.7,12.6,18.7,18.3,21.4,17.2,42.1,31.9,23.0,27.9,23.8,27.9,41.7,31.4,35.2,32.0,31.8,37.0,49.0,37.4,39.3,39.3,42.2,46.0,52.2,54.8
86.7,75.5,42.5,38.5,39.2,35.9,61.1,31.2,40.7,39.1,36.0,35.7,33.8,29.2,31.0,30.2,32.1,29.0,30.5,31.3,34.3,31.0,36.7,22.3,22.3,26.9,22.7,19.5,19.5,24.1,24.3,24.2,27.0,25.9,22.5,15.4,16.3,18.3,19.0,15.4,16.6,18.3,17.8,12.9,11.5,13.2,15.2,21.0,7.7,9.0,11.8,14.2,8.5,3.5,6.9,13.4,13.0,8.9,14.5,20.1,46.6,61.7,54.2,42.8,32.7,20.6,14.5,12.7,12.3,15.8,11.7,36.6,26.3,17.0,22.4,17.8,21.9,35.7,25.4,29.2,26.0,26.2,31.0,43.0,31.4,33.3,33.3,36.2,40.0,46.2,48.8
90.2,79.0,47.9,43.2,40.1,36.8,62.0,28.3,37.8,36.2,33.1,32.8,30.9,26.3,28.1,28.9,32.9,29.8,33.2,36.8,39.8,36.4,42.2,27.8,26.8,31.7,25.3,24.0,22.1,24.4,21.4,21.3,24.1,23.0,19.6,12.5,15.2,15.4,18.7,19.8,21.0,23.8,23.3,17.1,15.5,10.3,12.3,18.1,7.9,13.7,17.2,19.6,14.9,6.9,2.8,9.6,12.1,12.3,19.3,25.5,50.1,65.2,57.7,48.3,38.1,26.1,19.1,11.4,11.0,12.9,8.8,33.7,23.4,14.2,19.5,16.5,20.6,34.4,24.1,27.9,24.7,23.3,28.8,41.7,30.1,32.0,32.0,34.9,38.7,44.9,47.5
89.3,78.1,47.2,42.2,39.2,35.8,61.0,22.2,31.6,30.0,26.9,25.9,24.7,20.1,24.7,28.0,32.0,28.9,32.3,37.9,40.3,38.0,43.8,30.3,26.2,30.8,24.4,23.6,21.2,23.5,20.5,20.0,17.9,16.8,13.5,12.5,16.8,14.5,17.8,20.3,21.6,26.3,25.8,18.7,17.2,12.0,8.6,12.1,11.0,16.8,18.9,24.0,19.5,14.3,9.6,3.4,19.4,19.6,25.6,26.9,49.2,64.3,56.7,50.8,39.0,28.6,20.7,8.0,13.2,6.6,6.4,26.7,16.5,6.7,12.5,11.2,15.2,29.0,18.8,21.2,19.3,16.3,21.8,35.1,24.0,25.4,26.7,29.6,33.3,39.6,42.1
93.7,82.5,49.4,45.5,44.7,41.4,66.6,32.9,42.4,40.8,37.7,37.4,35.5,30.9,32.7,33.5,37.5,34.4,37.5,38.3,41.2,37.9,43.7,29.2,29.2,33.8,29.6,26.5,26.4,29.0,26.0,25.9,28.7,27.6,24.2,17.1,19.7,20.0,23.3,22.3,23.5,25.3,24.7,19.8,18.5,14.9,16.9,22.7,12.5,15.9,18.7,21.1,16.6,10.2,8.4,15.1,2.6,7.3,12.1,27.0,53.6,68.7,61.1,49.7,39.6,27.6,21.4,11.5,6.3,17.5,13.4,38.3,28.0,16.8,24.1,17.6,21.7,35.5,25.2,29.0,25.8,27.9,30.8,42.8,31.2,33.1,33.1,36.0,39.8,46.0,48.6
90.3,79.1,46.1,42.1,42.8,39.4,64.6,36.3,45.7,44.1,41.0,40.7,38.8,34.2,36.1,33.8,35.6,32.5,34.1,35.0,37.9,34.6,40.3,25.9,25.8,30.5,26.2,23.1,23.0,27.6,29.4,29.3,32.0,31.0,27.6,20.4,19.8,23.3,22.5,18.9,20.1,21.9,21.4,16.4,15.0,17.6,20.2,26.1,13.6,12.5,15.4,17.8,10.6,8.7,11.7,18.4,6.4,3.9,9.0,23.7,50.3,65.3,57.8,46.4,36.3,24.2,18.1,15.6,11.2,20.9,16.7,41.6,31.4,20.2,27.4,21.0,25.1,38.9,28.6,32.4,29.2,31.3,34.2,46.2,34.6,36.6,36.5,39.5,43.2,49.4,52.0
96.0,84.8,51.7,47.8,48.4,45.1,70.3,42.8,52.2,50.7,47.6,47.3,45.4,40.8,42.6,39.4,41.2,38.1,39.7,40.6,43.5,40.2,46.0,31.6,31.5,36.1,31.9,28.7,28.6,33.2,35.9,35.8,38.6,37.5,34.1,27.0,25.5,29.9,28.1,24.5,25.8,27.6,27.1,22.0,20.7,23.2,26.8,32.6,19.3,18.1,21.1,23.4,16.2,14.3,19.2,25.0,10.8,8.9,9.6,29.3,55.9,71.0,63.4,52.1,41.9,29.9,23.7,22.3,17.1,27.4,23.3,48.1,37.9,27.6,34.0,28.4,32.5,46.3,36.0,39.8,36.6,37.8,41.6,53.6,42.0,44.0,44.0,46.9,50.6,56.8,59.4
70.4,59.1,26.1,22.2,22.8,28.9,54.4,31.0,40.4,38.7,35.6,35.4,33.4,28.9,27.1,23.6,25.4,20.4,18.8,15.0,17.9,14.6,20.4,5.9,6.1,9.7,14.0,10.3,12.8,17.4,20.4,20.3,23.8,31.0,23.3,18.3,15.7,16.3,12.3,12.3,8.2,8.9,7.9,14.3,15.1,21.0,22.5,28.3,22.5,15.5,12.8,16.6,18.6,20.8,25.6,27.1,30.0,24.1,29.7,2.2,30.3,45.4,37.8,26.4,14.8,4.2,10.7,29.8,29.4,23.6,25.3,47.5,37.3,32.8,33.3,34.9,38.8,52.8,42.6,42.0,43.1,37.1,42.6,55.9,44.8,46.2,50.0,53.4,54.7,61.0,64.8
43.2,32.0,19.5,11.9,15.8,22.0,58.3,43.2,52.6,56.9,54.8,57.6,52.6,50.6,39.1,33.3,28.8,24.3,19.8,19.3,15.0,21.5,27.5,31.6,33.3,31.7,26.7,31.5,30.6,33.8,38.5,39.5,43.0,53.3,45.6,40.5,40.5,37.0,33.2,38.2,35.7,37.0,33.9,40.3,41.0,44.7,44.8,50.6,48.6,41.5,38.8,42.6,44.7,46.8,51.0,49.3,56.1,50.1,55.7,29.9,5.4,20.7,10.1,42.3,28.8,27.8,36.7,55.9,55.5,45.9,49.2,69.8,59.5,55.1,55.6,59.6,61.1,77.4,65.2,64.2,67.7,59.4,64.9,78.1,67.0,68.4,72.3,75.8,77.0,83.2,87.0
41.0,46.6,34.9,27.3,31.2,37.5,73.7,58.6,68.0,72.4,70.2,73.1,68.0,66.1,54.5,48.7,44.2,39.8,35.3,34.7,30.4,36.9,43.0,47.0,48.8,47.2,42.1,46.9,46.1,49.2,53.9,54.9,58.5,68.7,61.0,56.0,56.0,52.5,48.7,53.6,51.1,52.5,49.3,55.7,56.4,60.2,60.2,66.0,64.0,56.9,54.3,58.0,60.1,62.3,66.5,64.8,71.5,65.6,71.1,45.3,20.8,29.5,14.8,57.7,44.3,43.2,52.2,71.3,70.9,61.3,64.6,85.2,75.0,70.5,71.0,75.0,76.5,92.8,80.7,79.7,83.2,74.8,80.3,93.6,82.5,83.9,87.7,91.2,92.4,98.7,102.5
50.6,39.7,27.2,19.6,23.4,29.7,66.0,50.9,60.3,64.6,62.4,65.3,60.2,58.3,46.8,41.0,36.4,32.0,27.5,26.9,22.7,29.1,35.2,39.2,41.0,39.4,34.4,39.2,38.3,41.4,46.2,47.2,50.7,60.9,53.2,48.2,48.2,44.7,40.9,45.9,43.4,44.7,41.6,48.0,48.6,52.4,52.5,58.2,56.2,49.2,46.5,50.3,52.3,54.5,58.7,57.0,63.8,57.8,63.4,37.5,10.2,14.7,5.1,50.0,36.5,35.5,44.4,63.5,63.1,53.6,56.8,77.4,67.2,62.8,63.2,67.2,68.8,85.1,72.9,71.9,75.4,67.1,72.5,85.8,74.7,76.1,80.0,83.5,84.7,90.9,94.7
82.6,71.4,26.9,34.4,35.0,41.3,73.3,52.8,62.2,63.3,60.2,60.0,58.0,53.5,48.7,42.9,42.8,32.8,31.1,27.2,30.1,21.1,16.8,22.2,30.7,33.5,34.4,34.9,37.4,42.0,45.0,44.9,48.4,55.6,47.9,42.9,40.3,40.9,36.9,36.9,32.8,33.1,28.8,36.4,39.6,43.1,47.1,52.9,44.6,37.6,34.9,37.4,40.7,42.9,47.7,50.4,52.1,46.2,51.8,25.9,42.5,57.6,50.0,10.7,33.4,26.1,32.8,51.9,51.5,48.2,47.4,72.1,61.9,56.1,57.9,57.0,61.1,74.9,64.7,66.6,65.2,61.7,67.2,80.5,69.4,70.7,72.6,75.5,79.2,85.4,88.0
69.0,57.8,24.6,20.8,21.4,25.3,57.3,36.8,46.2,50.0,46.9,47.3,44.7,40.8,32.7,26.9,26.8,16.8,15.2,13.1,16.5,13.1,18.9,17.9,13.5,10.1,18.2,18.8,21.7,27.2,31.7,31.6,35.2,42.9,35.2,30.1,27.6,28.2,23.7,24.1,20.0,20.8,20.2,26.6,26.9,33.3,34.4,40.1,34.9,27.8,25.2,28.9,31.0,33.2,38.0,38.9,42.4,36.5,42.0,14.8,28.9,44.0,36.4,33.6,4.2,12.9,23.1,42.2,41.8,35.5,37.6,59.4,49.1,44.7,45.1,47.3,50.7,65.2,54.8,53.8,55.5,49.0,54.4,67.7,56.6,58.0,61.9,65.4,66.6,72.8,76.6
67.9,56.6,23.6,19.7,20.3,26.4,57.2,33.7,43.2,41.4,38.3,38.2,36.1,31.6,29.8,26.3,27.9,17.9,16.3,12.5,15.4,12.1,17.9,5.8,8.8,8.2,15.4,13.0,15.6,20.2,23.1,23.0,26.6,33.7,26.0,21.0,18.5,19.0,15.1,15.0,10.9,11.2,8.1,14.5,17.8,21.2,25.3,31.0,22.7,15.7,13.0,16.8,18.8,21.0,25.8,28.5,30.3,24.3,29.9,4.0,27.8,42.9,35.3,26.2,12.8,2.1,10.9,30.0,29.6,26.4,25.5,50.2,40.0,34.2,36.0,35.1,39.2,53.0,42.8,44.7,43.3,39.9,45.3,58.6,47.5,48.9,50.7,53.6,57.3,63.6,66.1
76.7,65.5,32.4,28.5,29.2,33.4,58.6,34.3,43.7,42.2,39.1,38.8,36.9,32.3,31.3,27.8,29.6,26.0,25.1,21.3,24.3,20.9,26.7,12.3,12.6,17.0,19.2,15.5,17.0,21.6,24.6,24.5,28.0,29.0,25.6,18.4,13.8,20.5,16.5,12.9,13.1,6.8,7.8,5.0,8.9,13.3,18.3,24.1,14.8,7.8,4.6,11.0,13.0,15.1,19.4,20.6,24.3,18.3,23.9,10.1,36.6,51.7,44.1,32.8,22.7,10.6,2.3,24.1,23.7,18.9,17.6,43.6,33.5,26.3,29.5,29.2,33.3,47.1,36.9,38.2,37.4,33.4,38.8,52.1,41.0,42.4,44.8,47.7,51.0,57.2,60.2
95.9,84.7,51.6,47.7,45.9,42.5,67.7,28.8,38.3,36.7,33.6,31.8,31.4,26.8,31.4,34.7,38.7,35.6,39.0,40.5,43.4,40.1,45.9,31.5,31.5,36.0,31.1,28.7,27.9,30.2,27.2,26.7,24.6,23.5,20.1,19.2,22.2,21.2,24.5,24.5,25.7,27.5,27.0,22.0,20.7,17.3,15.3,18.7,14.9,18.1,21.0,23.3,18.8,12.4,10.8,8.2,15.2,15.6,22.5,29.2,55.8,70.9,63.3,52.0,41.8,29.8,23.6,3.2,7.4,13.3,12.9,31.7,23.2,7.4,15.1,8.2,12.3,26.1,15.8,19.6,16.4,20.2,21.4,33.4,21.8,23.8,23.7,26.7,30.4,36.6,39.2
96.0,84.8,51.7,47.8,47.3,43.9,69.1,34.2,43.6,42.1,38.9,36.1,36.7,32.1,35.3,36.0,40.0,37.0,39.8,40.6,43.5,40.2,46.0,31.6,31.6,36.1,31.9,28.8,28.7,31.6,28.6,28.5,29.9,28.9,25.5,19.6,22.3,22.5,25.8,24.6,25.8,27.6,27.0,22.1,20.8,17.4,19.4,24.1,15.0,18.2,21.1,23.4,18.9,12.5,10.9,13.6,9.8,10.8,17.0,29.3,55.9,71.0,63.4,52.0,41.9,29.9,23.7,7.3,2.4,18.6,15.3,35.9,28.5,12.7,20.1,12.4,16.5,30.3,20.1,23.8,20.6,24.4,25.7,37.7,26.1,28.0,28.0,30.9,34.6,40.9,43.4
85.6,74.4,43.4,38.5,35.5,32.1,57.3,18.5,28.0,26.4,23.3,23.0,21.1,16.5,21.1,24.3,28.3,25.2,28.6,34.2,36.5,34.3,40.0,27.9,22.4,27.1,20.7,19.8,17.5,19.8,16.8,16.3,14.3,12.5,9.8,8.8,15.0,10.8,14.1,16.6,17.9,23.8,24.0,16.9,15.4,10.2,5.7,6.0,12.0,16.0,17.1,24.0,21.5,16.2,13.6,6.6,21.3,21.6,27.6,23.2,45.5,60.6,53.0,48.4,35.2,26.2,18.9,13.7,18.8,2.4,7.4,25.1,14.9,12.3,10.9,16.8,16.5,33.2,20.6,19.6,25.0,14.8,20.2,33.5,22.4,23.8,27.7,31.2,32.4,38.6,42.4
88.4,77.1,46.2,41.3,38.3,34.9,60.1,22.2,31.7,30.1,27.0,26.7,24.8,20.2,24.8,27.0,31.0,28.0,31.3,35.8,38.7,35.4,41.2,26.7,24.9,29.9,23.5,22.1,20.3,22.6,19.6,19.5,18.0,16.9,13.5,10.6,13.3,13.5,16.8,17.9,19.1,22.8,22.2,15.2,13.6,8.4,6.3,12.0,8.1,14.2,15.3,21.3,16.8,11.6,8.8,5.9,16.7,17.0,22.9,24.5,48.3,63.4,55.8,47.2,37.1,25.0,17.2,13.0,15.1,6.8,2.5,29.1,18.8,11.6,14.9,16.1,20.2,34.0,23.7,23.6,24.3,18.7,24.1,37.5,26.4,27.8,31.6,34.5,36.3,42.6,46.4
109.1,97.9,67.0,62.0,59.0,55.6,78.2,33.4,27.0,23.8,21.6,16.4,27.4,24.8,37.3,41.5,51.8,48.7,52.1,57.7,60.0,57.8,63.6,51.4,46.0,50.6,44.2,43.4,41.0,43.3,37.2,32.9,30.4,26.3,31.8,32.3,39.4,34.3,37.6,40.1,41.4,47.3,48.4,41.3,39.8,34.6,30.4,20.4,33.3,39.1,41.4,46.3,41.8,36.6,33.8,26.6,41.7,41.9,47.9,46.7,69.0,84.1,76.5,71.9,58.8,49.7,43.3,31.3,35.3,25.2,28.7,5.6,13.9,27.3,21.4,25.3,20.8,31.7,22.8,20.1,25.3,16.3,14.5,24.1,21.0,22.2,26.1,29.6,30.8,34.2,40.8
98.9,87.7,56.8,51.9,48.8,45.5,70.7,30.1,23.6,20.5,18.3,13.1,23.5,20.0,32.5,37.6,41.6,38.5,41.9,47.5,49.9,47.6,53.4,41.2,35.8,40.4,34.0,33.2,30.8,33.1,30.2,28.2,25.7,19.2,23.1,22.1,29.2,24.1,27.4,30.0,31.2,37.1,38.2,31.2,29.6,24.4,20.2,13.3,23.1,29.0,31.3,36.1,31.6,26.4,23.6,16.4,31.5,31.7,37.7,36.5,58.8,73.9,66.4,61.7,48.6,39.6,33.1,23.5,28.5,15.0,18.5,13.9,4.1,17.1,11.2,18.5,14.0,28.5,16.0,14.9,22.1,7.8,12.9,27.5,17.7,19.1,23.0,26.5,27.7,33.9,37.7
94.7,83.4,52.5,47.6,44.6,41.2,66.4,27.5,36.9,33.9,31.7,26.5,30.1,25.4,30.1,33.4,37.3,34.3,37.6,43.3,45.6,43.3,49.1,35.6,31.5,36.2,29.8,28.9,26.6,28.9,25.9,25.3,23.2,22.0,18.8,17.9,22.2,19.9,23.1,25.7,27.0,31.7,31.1,24.1,22.5,17.3,14.0,14.4,16.3,22.2,24.2,27.8,23.3,16.9,14.4,6.9,20.4,20.5,27.7,32.2,54.6,69.7,62.1,56.1,44.3,34.0,26.1,7.7,12.8,11.9,11.7,27.3,17.0,4.4,8.5,8.6,12.3,26.9,15.9,19.6,17.2,15.6,21.5,33.5,22.4,23.8,24.5,27.4,31.2,37.4,40.0
95.6,84.3,53.4,48.5,45.5,42.1,67.3,28.5,31.2,28.0,25.8,20.6,30.0,24.5,31.1,34.3,38.2,35.2,38.5,44.2,46.5,44.2,50.0,37.8,32.4,37.1,30.7,29.8,27.5,29.8,26.8,26.3,24.3,20.1,19.7,18.8,25.7,20.8,24.0,26.6,27.9,33.8,34.6,27.6,26.0,20.8,16.8,12.4,19.5,25.4,27.7,32.5,28.0,22.8,20.0,12.8,27.9,28.2,34.1,33.1,55.5,70.6,63.0,58.3,45.2,36.2,29.6,15.4,19.7,11.7,14.9,21.4,11.1,8.5,2.8,9.7,8.5,26.7,13.3,14.2,17.1,9.1,15.7,28.1,17.0,18.4,22.3,25.8,27.0,33.2,37.0
99.6,88.4,57.4,52.6,49.5,46.2,71.4,32.5,36.5,33.4,31.2,25.9,35.0,30.4,35.1,38.3,42.3,39.2,42.6,46.3,49.2,45.9,51.6,37.2,36.5,41.1,34.7,33.9,31.5,33.8,30.9,30.3,28.2,26.1,23.8,22.8,27.1,24.8,28.1,30.3,31.5,33.3,32.7,27.8,26.4,22.3,19.0,18.3,20.7,23.9,26.7,29.1,24.6,18.1,16.6,11.9,21.7,21.8,28.9,35.0,59.5,74.6,67.1,57.7,47.6,35.5,29.4,9.0,12.9,16.9,16.7,25.8,19.7,8.6,9.9,3.3,6.4,21.3,9.9,13.7,11.6,14.2,15.5,27.5,16.5,17.9,18.9,21.8,25.6,31.8,34.4
100.8,89.5,58.6,53.7,50.7,47.3,72.5,33.7,32.2,29.0,26.8,21.6,32.6,29.7,36.3,39.4,43.4,40.4,43.7,49.4,51.7,49.4,55.2,41.3,37.6,42.3,35.9,35.0,32.7,35.0,32.0,31.5,29.4,25.2,24.9,23.9,31.2,26.0,29.2,31.8,33.1,37.3,36.8,31.8,30.5,26.4,22.0,17.6,24.8,27.9,30.8,33.1,28.6,22.2,20.6,15.9,25.7,25.8,33.0,38.3,60.7,75.8,68.2,61.8,50.4,39.6,33.4,13.0,17.0,16.8,20.5,21.4,14.5,12.8,8.8,7.0,2.9,21.4,5.8,9.3,11.7,9.2,11.2,23.2,12.1,13.5,17.4,20.9,22.1,28.3,32.1
117.2,106.0,75.0,70.2,67.2,63.8,89.0,50.1,45.4,42.2,40.1,34.8,45.8,43.2,52.7,55.9,59.9,56.8,60.2,63.9,66.8,63.5,69.3,54.8,54.1,58.7,52.4,51.5,49.1,51.4,48.5,47.9,45.8,41.9,41.4,40.4,44.8,42.4,45.7,47.9,49.1,50.9,50.3,45.4,44.0,39.9,36.6,34.3,38.3,41.5,44.3,46.7,42.2,35.8,34.2,29.5,39.3,39.4,46.6,52.6,77.2,92.2,84.7,75.3,65.2,53.1,47.0,26.6,30.5,33.5,34.3,32.0,28.7,26.9,26.7,21.2,21.1,4.1,17.6,16.6,13.6,24.0,21.8,27.9,15.8,14.8,13.4,10.5,17.5,21.9,23.0
105.1,93.9,62.9,58.0,55.0,51.6,76.8,38.0,34.0,30.8,28.6,23.4,34.4,31.7,40.6,43.8,47.7,44.7,48.0,53.7,56.0,53.3,59.0,44.6,41.9,46.6,40.2,39.3,37.0,39.3,36.3,35.8,33.8,29.6,29.3,28.3,34.5,30.3,33.5,36.1,37.4,40.7,40.1,35.2,33.8,29.7,26.3,21.9,28.1,31.3,34.1,36.5,32.0,25.5,24.0,19.3,29.1,29.2,36.3,42.4,65.0,80.1,72.5,65.1,54.7,42.9,36.8,16.4,20.3,21.2,24.1,23.2,17.3,16.1,13.5,10.3,5.8,17.5,2.7,6.3,7.8,11.7,13.0,25.0,11.1,13.8,15.2,18.0,21.8,28.0,30.6
103.8,92.6,61.6,56.7,53.7,50.3,75.5,36.7,31.7,28.6,26.4,21.1,32.2,29.5,39.3,42.5,46.5,43.4,46.8,52.4,54.7,52.5,58.2,46.1,40.6,45.3,38.9,38.0,35.7,38.0,35.0,34.5,32.5,28.3,28.0,27.0,34.2,29.0,32.2,34.8,36.1,42.0,43.2,36.1,34.6,29.4,25.1,20.6,28.1,33.9,36.2,40.1,35.6,29.2,27.6,21.4,32.7,32.8,40.0,41.4,63.7,78.8,71.2,66.6,53.4,44.4,38.1,20.0,23.9,19.9,23.5,20.7,15.1,19.7,14.4,13.9,9.4,16.4,6.3,2.8,10.0,10.3,10.5,20.3,5.8,9.0,12.4,16.4,17.6,23.8,27.6
107.6,96.3,65.3,60.5,57.5,54.1,79.3,40.4,38.7,35.6,33.4,28.2,39.2,36.5,43.0,46.3,50.2,47.2,50.5,54.2,57.1,53.8,59.6,45.2,44.4,49.1,42.7,41.8,39.5,41.8,38.8,38.2,36.1,34.7,31.7,30.8,35.1,32.8,36.0,38.2,39.4,41.2,40.6,35.7,34.4,30.2,26.9,26.9,28.6,31.8,34.6,37.0,32.5,26.1,24.5,19.8,29.6,29.7,36.9,42.9,67.5,82.6,75.0,65.6,55.5,43.5,37.3,16.9,20.8,24.8,24.6,25.4,22.1,17.2,17.0,11.5,11.4,12.9,7.7,10.0,3.9,17.3,15.1,24.0,9.6,12.8,11.5,13.5,18.1,24.4,26.0
98.3,87.1,56.1,51.2,48.2,44.8,70.0,31.2,26.6,23.4,21.3,16.0,27.0,24.4,33.8,37.0,41.0,37.9,41.2,46.9,49.2,46.9,52.7,40.6,35.1,39.8,33.4,32.5,30.2,32.5,29.5,29.0,27.0,22.8,22.5,21.5,28.7,23.5,26.7,29.3,30.6,36.5,37.7,30.6,29.1,23.9,19.6,15.1,22.6,28.4,30.7,35.6,31.1,25.9,23.1,15.8,31.0,31.2,37.2,35.8,58.2,73.3,65.7,61.0,47.9,38.9,32.6,20.0,23.9,14.4,18.0,16.6,7.8,15.6,8.9,13.9,9.4,23.9,11.4,10.4,17.5,4.1,9.1,23.9,13.2,14.5,18.4,21.9,23.1,29.3,33.1
104.1,92.9,61.9,57.0,54.0,50.6,75.8,35.7,29.2,26.1,23.9,18.6,29.7,27.0,39.5,42.8,46.8,43.7,47.1,52.7,55.0,52.8,58.5,46.4,40.9,45.6,39.2,38.3,36.0,38.3,35.3,34.8,32.7,28.6,28.3,27.3,34.4,29.3,32.6,35.1,36.4,42.3,43.4,36.3,34.8,29.6,25.4,20.9,28.3,34.1,36.4,41.3,36.7,30.4,28.8,21.5,34.0,34.0,41.2,41.7,64.0,79.1,71.5,66.9,53.7,44.7,38.3,21.2,25.2,20.2,23.7,14.4,12.6,21.0,15.6,15.2,10.7,21.5,12.7,9.9,15.1,9.1,3.9,17.0,10.8,12.0,15.9,19.4,20.6,26.8,30.6
117.7,106.5,75.6,70.6,67.6,64.3,89.4,50.3,43.9,40.7,38.5,33.3,44.3,41.6,53.3,56.4,60.4,57.3,60.7,66.3,68.7,66.4,72.2,60.0,54.6,59.2,52.8,52.0,49.6,51.9,49.0,48.5,46.4,42.2,41.9,40.9,48.1,42.9,46.2,48.7,50.0,55.9,57.1,50.1,48.5,43.3,39.0,34.5,42.0,47.9,50.2,54.0,49.4,43.0,41.4,35.3,46.6,46.6,53.8,55.3,77.6,92.7,85.1,80.5,67.4,58.3,52.0,33.8,37.8,33.8,37.4,23.6,27.2,33.6,28.3,27.8,23.3,28.0,25.1,20.1,24.2,24.0,17.1,8.7,17.2,16.8,19.8,23.3,18.8,19.6,30.0
105.7,94.5,63.6,58.7,55.7,52.3,77.5,38.7,33.7,30.5,28.4,23.1,34.1,31.5,41.3,44.4,48.4,45.4,48.7,54.4,56.7,54.4,60.2,48.0,42.6,47.2,40.9,40.0,37.7,40.0,37.0,36.5,34.4,30.2,29.9,28.9,36.2,31.0,34.2,36.8,38.1,43.9,45.1,38.1,36.5,31.3,27.0,22.6,30.1,35.9,38.2,42.0,37.5,31.1,29.5,23.3,34.7,34.7,41.9,43.3,65.7,80.8,73.2,68.5,55.4,46.4,40.1,21.9,25.9,21.8,25.5,20.3,17.0,21.7,16.3,15.9,11.4,15.8,11.1,5.8,9.9,12.3,10.1,17.1,3.7,6.0,9.9,14.3,15.4,21.7,25.5
108.3,97.1,66.2,61.2,58.2,54.8,80.0,41.3,36.3,33.1,30.9,25.7,36.7,34.0,43.9,47.0,51.0,47.9,51.3,56.9,59.3,57.0,62.8,50.6,45.2,49.8,43.4,42.6,40.2,42.5,39.6,39.1,37.0,32.8,32.5,31.5,38.7,33.5,36.8,39.3,40.6,46.5,47.7,40.7,39.1,33.9,29.6,25.1,32.6,38.5,40.8,44.6,40.1,33.7,32.1,25.9,37.2,37.3,44.5,45.9,68.2,83.3,75.7,71.1,58.0,48.9,42.6,24.5,28.5,24.4,28.0,22.9,19.6,24.3,18.9,18.5,14.0,15.0,14.5,9.4,12.7,14.8,12.6,16.7,6.2,3.0,6.3,9.8,11.0,17.2,21.0
111.8,100.6,69.7,64.8,61.7,58.4,83.6,44.8,39.8,36.6,34.5,29.2,40.2,37.6,47.4,50.5,54.5,51.4,54.8,60.4,62.8,60.5,66.3,52.5,48.7,53.3,46.9,46.1,43.7,46.0,43.1,42.6,40.5,36.3,36.0,35.0,42.3,37.0,40.3,42.9,44.1,48.6,48.0,43.1,41.8,37.4,33.1,28.7,36.0,39.2,42.0,44.4,39.9,33.5,31.9,27.2,37.0,37.1,44.3,49.4,71.7,86.8,79.3,73.0,61.5,50.8,44.7,24.3,28.2,27.9,31.5,26.4,23.1,24.6,22.4,18.9,17.5,14.4,15.3,12.6,12.0,18.4,16.1,18.8,9.8,6.4,4.4,6.1,9.1,15.3,18.9
115.5,104.3,73.4,68.5,65.5,62.1,87.3,48.5,43.5,40.3,38.2,32.9,43.9,41.3,51.1,54.2,58.2,55.1,58.5,64.1,66.5,64.1,69.8,55.4,52.4,57.0,50.7,49.8,47.4,49.7,46.8,46.3,44.2,40.0,39.7,38.7,45.3,40.7,44.0,46.6,47.9,51.4,50.9,46.0,44.6,40.5,36.8,32.4,38.9,42.1,44.9,47.3,42.8,36.3,34.8,30.1,39.9,40.0,47.1,53.1,75.5,90.5,83.0,75.9,65.2,53.7,47.6,27.2,31.1,31.6,34.9,30.1,26.8,27.5,26.1,21.8,21.2,10.7,18.1,16.7,14.2,22.1,19.8,22.5,14.6,10.1,6.4,5.7,9.6,13.9,15.0
116.3,105.1,74.1,69.2,66.2,62.8,88.0,49.2,44.2,41.1,38.9,33.6,44.7,42.0,51.8,55.0,59.0,55.9,59.2,64.9,67.2,65.0,70.7,58.6,53.1,57.8,51.4,50.5,48.2,50.5,47.5,47.0,45.0,40.8,40.5,39.5,46.7,41.5,44.7,47.3,48.6,54.5,54.2,48.6,47.1,41.9,37.6,33.1,40.6,45.3,48.2,50.5,46.0,39.6,38.0,33.3,43.2,43.2,50.4,53.8,76.2,91.3,83.7,79.0,65.9,56.9,50.6,30.4,34.4,32.4,36.0,30.8,27.6,30.8,26.9,25.0,21.9,18.0,21.4,17.4,18.2,22.8,20.5,18.9,15.4,10.8,9.3,9.6,3.6,7.6,13.2
122.4,111.2,80.2,75.3,72.3,68.9,94.1,55.3,50.3,47.2,45.0,39.7,50.8,48.1,57.9,61.1,65.0,62.0,65.3,71.0,73.3,71.0,76.8,64.7,59.2,63.9,57.5,56.6,54.3,56.6,53.6,53.1,51.1,46.9,46.6,45.6,52.8,47.6,50.8,53.4,54.7,60.6,60.3,54.7,53.2,48.0,43.6,39.2,46.7,51.4,54.3,56.6,52.1,45.7,44.1,39.4,49.3,49.3,56.5,59.9,82.3,97.4,89.8,85.1,72.0,63.0,56.7,36.5,40.5,38.5,42.1,33.7,33.7,36.9,33.0,31.1,28.0,22.1,27.5,23.5,24.3,28.9,26.6,19.5,21.5,16.9,15.4,13.7,7.4,9.3,16.8
126.3,115.1,84.2,79.3,76.2,72.9,98.1,59.3,54.3,51.1,49.0,43.7,54.7,52.1,61.9,65.0,69.0,65.9,69.3,74.9,77.3,75.0,80.8,67.5,63.2,67.8,61.4,60.6,58.2,60.5,57.6,57.1,55.0,50.8,50.5,49.5,56.8,51.5,54.8,57.4,58.6,63.5,63.0,58.1,56.7,51.9,47.6,43.2,50.6,54.2,57.0,59.4,54.8,48.4,46.8,42.2,52.0,52.0,59.2,63.9,86.2,101.3,93.8,88.0,76.0,65.8,59.7,39.2,43.2,42.4,46.0,40.9,37.6,39.6,36.9,33.8,32.0,23.3,30.2,27.5,26.3,32.9,30.6,29.4,25.4,20.9,18.7,14.9,12.6,16.5,5.4
