0.09402,0.02494,0.12734,0.09002,0.01927,0.00231,0.00488,0.00389,0.01039,0.01001,0.02431,0.03912,0.01074,0.05569,0.17855,0.02863,0.06793,0.03533,0.00583,0.00306,0.00384,0.00076,0.00292,0.00097,0.00221,0.00277,0.00539,0.00830,0.02805,0.04549,0.02117,0.04189
0.02695,0.11534,0.24333,0.12440,0.05204,0.00625,0.00788,0.00639,0.01560,0.01319,0.02900,0.02969,0.00630,0.03357,0.13079,0.01041,0.02256,0.00924,0.00767,0.00482,0.00781,0.00223,0.00496,0.00280,0.00402,0.00418,0.00460,0.00976,0.01880,0.01301,0.01039,0.02201
0.02214,0.02349,0.34773,0.14689,0.02907,0.00247,0.00356,0.00291,0.00934,0.01367,0.02387,0.02805,0.00655,0.03495,0.17449,0.01269,0.02510,0.01114,0.00318,0.00234,0.00389,0.00069,0.00218,0.00084,0.00151,0.00220,0.00282,0.00434,0.01701,0.01315,0.01085,0.01688
0.01328,0.01766,0.22067,0.22531,0.03797,0.00346,0.00586,0.00448,0.01768,0.01966,0.03979,0.03190,0.01072,0.04217,0.20189,0.01089,0.02795,0.00752,0.00519,0.00286,0.00495,0.00043,0.00262,0.00097,0.00198,0.00298,0.00237,0.00233,0.00968,0.00664,0.00715,0.01098
0.01144,0.02283,0.19855,0.15080,0.11314,0.00744,0.00807,0.00505,0.02100,0.02216,0.04230,0.03821,0.01001,0.04525,0.19645,0.01223,0.02689,0.00882,0.00522,0.00225,0.00544,0.00077,0.00301,0.00078,0.00193,0.00280,0.00261,0.00246,0.01074,0.00554,0.00538,0.01044
0.00877,0.01853,0.05229,0.07427,0.05632,0.11510,0.05458,0.02179,0.09306,0.05595,0.08599,0.04660,0.00943,0.02977,0.08361,0.00847,0.01457,0.00688,0.02597,0.00942,0.03106,0.01048,0.01760,0.00663,0.00671,0.00477,0.00424,0.00453,0.00749,0.00793,0.00634,0.02083
0.00612,0.01010,0.02793,0.04272,0.02268,0.02647,0.13962,0.05662,0.10309,0.04480,0.12026,0.04847,0.01242,0.02519,0.07290,0.00648,0.01211,0.00660,0.04343,0.01782,0.05436,0.00650,0.02689,0.00964,0.01107,0.00601,0.00405,0.00217,0.00567,0.00622,0.00502,0.01658
0.00647,0.00642,0.02360,0.04026,0.01651,0.01132,0.05185,0.13630,0.07605,0.03374,0.14857,0.06265,0.01662,0.03673,0.09395,0.00972,0.01788,0.00899,0.04955,0.01955,0.03881,0.00317,0.01812,0.00822,0.01612,0.00833,0.00341,0.00266,0.00647,0.00838,0.00479,0.01480
0.00706,0.00897,0.03456,0.05841,0.02780,0.02174,0.05497,0.03306,0.15646,0.06396,0.15240,0.06025,0.01785,0.04402,0.09261,0.00859,0.01690,0.00777,0.02148,0.01111,0.02811,0.00233,0.01230,0.00507,0.00639,0.00434,0.00392,0.00276,0.00623,0.00691,0.00545,0.01624
0.00827,0.01177,0.07490,0.11642,0.04736,0.01332,0.02556,0.01308,0.06274,0.09010,0.12822,0.06198,0.02397,0.06031,0.13449,0.01066,0.02173,0.00851,0.01163,0.00651,0.01072,0.00118,0.00626,0.00261,0.00336,0.00357,0.00339,0.00234,0.00685,0.00664,0.00533,0.01622
0.00729,0.00693,0.03027,0.05966,0.01998,0.00801,0.02458,0.02340,0.05402,0.03507,0.22619,0.10629,0.02478,0.07434,0.15228,0.01850,0.02794,0.01038,0.01494,0.00823,0.01202,0.00102,0.00547,0.00311,0.00436,0.00418,0.00346,0.00208,0.00623,0.00688,0.00542,0.01269
0.00833,0.00799,0.05105,0.07213,0.02207,0.00358,0.00917,0.01110,0.03022,0.02057,0.08843,0.15257,0.02305,0.08920,0.26543,0.02640,0.04333,0.01270,0.01073,0.00429,0.00642,0.00059,0.00230,0.00124,0.00175,0.00372,0.00226,0.00175,0.00561,0.00713,0.00419,0.01067
0.01027,0.00848,0.06338,0.08053,0.02124,0.00256,0.00773,0.00681,0.02931,0.02632,0.07962,0.07966,0.07337,0.12782,0.23189,0.02370,0.05537,0.01436,0.00877,0.00525,0.00486,0.00053,0.00264,0.00079,0.00159,0.00271,0.00226,0.00183,0.00502,0.00704,0.00452,0.00976
0.01034,0.00917,0.11382,0.08661,0.01640,0.00187,0.00487,0.00491,0.01472,0.01140,0.03770,0.05302,0.02162,0.14840,0.30156,0.02759,0.07125,0.01526,0.00645,0.00415,0.00338,0.00053,0.00175,0.00091,0.00136,0.00270,0.00223,0.00172,0.00526,0.00719,0.00404,0.00785
0.01093,0.00860,0.09844,0.10318,0.01171,0.00149,0.00378,0.00348,0.01178,0.00992,0.02877,0.04688,0.01210,0.06969,0.43762,0.03329,0.04688,0.01396,0.00557,0.00288,0.00406,0.00066,0.00154,0.00068,0.00145,0.00256,0.00218,0.00158,0.00470,0.00740,0.00414,0.00809
0.01800,0.01075,0.07139,0.07674,0.01309,0.00175,0.00367,0.00360,0.01138,0.00820,0.02831,0.05000,0.01429,0.07938,0.33716,0.09597,0.08275,0.02359,0.00540,0.00263,0.00280,0.00088,0.00186,0.00057,0.00147,0.00259,0.00272,0.00192,0.00889,0.01505,0.00656,0.01663
0.02010,0.01121,0.08954,0.08062,0.01472,0.00197,0.00430,0.00332,0.01009,0.00869,0.02789,0.04408,0.01490,0.07680,0.27226,0.03962,0.16638,0.02864,0.00592,0.00347,0.00378,0.00087,0.00203,0.00094,0.00170,0.00334,0.00297,0.00301,0.01134,0.01728,0.00983,0.01837
0.03788,0.01380,0.07182,0.07677,0.01467,0.00177,0.00366,0.00386,0.00922,0.00822,0.02814,0.05121,0.01586,0.08289,0.25997,0.05047,0.11344,0.06407,0.00534,0.00308,0.00314,0.00092,0.00183,0.00095,0.00154,0.00302,0.00296,0.00207,0.01313,0.02878,0.00758,0.01795
0.00501,0.00466,0.01652,0.02305,0.00932,0.00647,0.03849,0.04500,0.03890,0.01300,0.06289,0.02839,0.00727,0.01685,0.06416,0.00671,0.01247,0.00514,0.28712,0.05338,0.06372,0.00566,0.03505,0.02858,0.05469,0.02980,0.00276,0.00255,0.00492,0.00703,0.00562,0.01483
0.00470,0.00409,0.01611,0.02032,0.00818,0.00603,0.05075,0.03310,0.04161,0.01193,0.06134,0.02550,0.00681,0.01628,0.05846,0.00643,0.01089,0.00494,0.18818,0.09605,0.09891,0.00662,0.04712,0.04388,0.07488,0.02327,0.00298,0.00168,0.00451,0.00600,0.00451,0.01394
0.00467,0.00645,0.01925,0.02731,0.01370,0.02210,0.08142,0.04559,0.07603,0.02971,0.08262,0.04022,0.00625,0.01506,0.05694,0.00512,0.00833,0.00435,0.08468,0.02935,0.15652,0.01991,0.06466,0.02306,0.02457,0.01264,0.00292,0.00331,0.00503,0.00566,0.00566,0.01692
0.00486,0.00608,0.01850,0.02504,0.01093,0.03082,0.06489,0.02614,0.05565,0.02242,0.05203,0.03009,0.00551,0.01186,0.04901,0.00482,0.00693,0.00412,0.08974,0.03512,0.11176,0.08434,0.09276,0.06801,0.03618,0.01521,0.00327,0.00219,0.00503,0.00577,0.00476,0.01619
0.00555,0.00567,0.01712,0.02535,0.01077,0.01395,0.05748,0.02859,0.05239,0.01752,0.05329,0.02844,0.00501,0.01258,0.05040,0.00540,0.00657,0.00405,0.11224,0.04381,0.10518,0.02016,0.15949,0.05694,0.04452,0.01668,0.00327,0.00271,0.00501,0.00662,0.00531,0.01793
0.00431,0.00537,0.01463,0.02074,0.01008,0.00876,0.04926,0.02625,0.04125,0.01569,0.04861,0.02577,0.00578,0.01343,0.04729,0.00484,0.00645,0.00486,0.13250,0.06339,0.09955,0.01574,0.07720,0.10716,0.08519,0.02298,0.00354,0.00257,0.00532,0.00683,0.00570,0.01896
0.00387,0.00475,0.01716,0.02218,0.00786,0.00572,0.02672,0.02228,0.02639,0.01066,0.04214,0.02077,0.00724,0.01309,0.05447,0.00533,0.01053,0.00489,0.19342,0.07357,0.06999,0.00692,0.04384,0.04209,0.17916,0.04514,0.00387,0.00274,0.00491,0.00750,0.00580,0.01502
0.00528,0.00788,0.02748,0.03543,0.01569,0.00741,0.02512,0.02323,0.02675,0.01412,0.05583,0.02782,0.00708,0.01698,0.07627,0.00931,0.01462,0.00492,0.14705,0.03868,0.04327,0.00638,0.02665,0.02134,0.06045,0.21651,0.00495,0.00339,0.00412,0.00592,0.00565,0.01442
0.01953,0.01502,0.03595,0.03412,0.01480,0.00307,0.00893,0.00474,0.01162,0.01624,0.02115,0.02780,0.00525,0.01443,0.05119,0.00939,0.01375,0.01148,0.01184,0.00418,0.00846,0.00076,0.00493,0.00174,0.00231,0.00265,0.26682,0.05912,0.03048,0.03589,0.04094,0.21142
0.03185,0.03317,0.08439,0.05819,0.01650,0.00452,0.00740,0.00377,0.01301,0.01641,0.02797,0.02901,0.00621,0.02098,0.06359,0.00942,0.01741,0.01234,0.00550,0.00358,0.00679,0.00092,0.00449,0.00181,0.00233,0.00260,0.05816,0.17458,0.04991,0.03660,0.03599,0.16058
0.05561,0.03142,0.16632,0.10315,0.01564,0.00289,0.00528,0.00365,0.01036,0.01021,0.01954,0.02822,0.00597,0.02592,0.13300,0.01214,0.02934,0.01734,0.00450,0.00337,0.00549,0.00066,0.00319,0.00117,0.00268,0.00256,0.01217,0.02680,0.07751,0.04579,0.04084,0.09728
0.05807,0.01803,0.06900,0.06137,0.01312,0.00332,0.00615,0.00408,0.01056,0.00951,0.02291,0.03980,0.00860,0.05068,0.14759,0.02868,0.06206,0.03202,0.00602,0.00434,0.00533,0.00065,0.00343,0.00165,0.00274,0.00305,0.01449,0.01237,0.03075,0.14648,0.04232,0.08085
0.04258,0.02039,0.08304,0.06948,0.01339,0.00274,0.00592,0.00420,0.01060,0.00998,0.02374,0.03096,0.00799,0.03330,0.11648,0.01562,0.03733,0.02328,0.00623,0.00399,0.00517,0.00059,0.00368,0.00123,0.00261,0.00270,0.01799,0.01780,0.04227,0.09157,0.08946,0.16369
0.03598,0.02098,0.05627,0.04429,0.01072,0.00345,0.00767,0.00451,0.01069,0.01081,0.02431,0.02384,0.00606,0.02253,0.06821,0.01240,0.02412,0.01634,0.00570,0.00467,0.00716,0.00070,0.00416,0.00200,0.00242,0.00303,0.04915,0.04081,0.04930,0.06763,0.07657,0.28352
