27255.13,43849.16,58259.46,79550.93,94359.24,155570.25
27255.13,43849.16,58259.46,79550.93,94359.24,155570.25
27255.13,43849.16,58259.46,79550.93,94359.24,155570.25
27255.13,43849.16,58259.46,79550.93,94359.24,155570.25
27255.13,43849.16,58259.46,79550.93,94359.24,155570.25
27255.13,43849.16,58259.46,79550.93,94359.24,155570.25
27255.13,43849.16,58259.46,79550.93,94359.24,155570.25
27255.13,43849.16,58259.46,79550.93,94359.24,155570.25
27116.16,40655.99,53658.68,71976.23,84361.98,138236.35
27116.16,40655.99,53658.68,71976.23,84361.98,138236.35
27116.16,40655.99,53658.68,71976.23,84361.98,138236.35
27116.16,40655.99,53658.68,71976.23,84361.98,138236.35
27811.25,47300.01,62727.78,78158.03,108907.23,159737.93
27811.25,47300.01,62727.78,78158.03,108907.23,159737.93
27811.25,47300.01,62727.78,78158.03,108907.23,159737.93
27811.25,47300.01,62727.78,78158.03,108907.23,159737.93
27811.25,47300.01,62727.78,78158.03,108907.23,159737.93
19977.12,88510.51,74247.84,68716.21,95929.10,183531.14
25565.07,41307.40,56959.26,77501.53,104519.15,141359.09
25565.07,41307.40,56959.26,77501.53,104519.15,141359.09
25565.07,41307.40,56959.26,77501.53,104519.15,141359.09
25565.07,41307.40,56959.26,77501.53,104519.15,141359.09
25565.07,41307.40,56959.26,77501.53,104519.15,141359.09
25565.07,41307.40,56959.26,77501.53,104519.15,141359.09
25565.07,41307.40,56959.26,77501.53,104519.15,141359.09
50402.75,50043.62,62304.13,91079.97,108150.22,169678.02
50402.75,50043.62,62304.13,91079.97,108150.22,169678.02
50402.75,50043.62,62304.13,91079.97,108150.22,169678.02
28151.32,41280.76,61107.73,74770.66,105436.49,165467.84
28151.32,41280.76,61107.73,74770.66,105436.49,165467.84
28151.32,41280.76,61107.73,74770.66,105436.49,165467.84
28151.32,41280.76,61107.73,74770.66,105436.49,165467.84
28151.32,41280.76,61107.73,74770.66,105436.49,165467.84
28151.32,41280.76,61107.73,74770.66,105436.49,165467.84
26774.07,47115.46,58034.33,69939.21,75399.66,132868.02
26774.07,47115.46,58034.33,69939.21,75399.66,132868.02
26774.07,47115.46,58034.33,69939.21,75399.66,132868.02
26774.07,47115.46,58034.33,69939.21,75399.66,132868.02
26774.07,47115.46,58034.33,69939.21,75399.66,132868.02
31135.96,45234.46,56920.97,73936.51,108583.32,173225.06
31135.96,45234.46,56920.97,73936.51,108583.32,173225.06
31135.96,45234.46,56920.97,73936.51,108583.32,173225.06
31135.96,45234.46,56920.97,73936.51,108583.32,173225.06
31135.96,45234.46,56920.97,73936.51,108583.32,173225.06
31135.96,45234.46,56920.97,73936.51,108583.32,173225.06
31135.96,45234.46,56920.97,73936.51,108583.32,173225.06
27885.39,51349.50,60659.97,75254.76,103311.16,189006.84
27885.39,51349.50,60659.97,75254.76,103311.16,189006.84
27885.39,51349.50,60659.97,75254.76,103311.16,189006.84
27885.39,51349.50,60659.97,75254.76,103311.16,189006.84
27618.88,49178.40,58495.77,62613.44,89804.32,170096.60
28297.71,49287.82,51924.70,78893.33,102859.79,165608.62
28297.71,49287.82,51924.70,78893.33,102859.79,165608.62
28297.71,49287.82,51924.70,78893.33,102859.79,165608.62
28297.71,49287.82,51924.70,78893.33,102859.79,165608.62
28297.71,49287.82,51924.70,78893.33,102859.79,165608.62
24334.03,40991.75,56623.33,65573.64,99381.15,129381.65
24357.90,46744.40,56604.69,79044.49,94796.55,146269.69
24357.90,46744.40,56604.69,79044.49,94796.55,146269.69
24357.90,46744.40,56604.69,79044.49,94796.55,146269.69
25917.18,42680.62,60865.66,79427.00,115565.03,182640.83
25917.18,42680.62,60865.66,79427.00,115565.03,182640.83
25917.18,42680.62,60865.66,79427.00,115565.03,182640.83
25917.18,42680.62,60865.66,79427.00,115565.03,182640.83
25917.18,42680.62,60865.66,79427.00,115565.03,182640.83
25917.18,42680.62,60865.66,79427.00,115565.03,182640.83
25917.18,42680.62,60865.66,79427.00,115565.03,182640.83
25919.58,45793.01,55155.07,80542.91,96782.33,179180.07
25919.58,45793.01,55155.07,80542.91,96782.33,179180.07
25919.58,45793.01,55155.07,80542.91,96782.33,179180.07
25919.58,45793.01,55155.07,80542.91,96782.33,179180.07
25919.58,45793.01,55155.07,80542.91,96782.33,179180.07
25919.58,45793.01,55155.07,80542.91,96782.33,179180.07
25919.58,45793.01,55155.07,80542.91,96782.33,179180.07
25919.58,45793.01,55155.07,80542.91,96782.33,179180.07
25919.58,45793.01,55155.07,80542.91,96782.33,179180.07
25919.58,45793.01,55155.07,80542.91,96782.33,179180.07
25919.58,45793.01,55155.07,80542.91,96782.33,179180.07
25919.58,45793.01,55155.07,80542.91,96782.33,179180.07
28368.65,50608.95,59468.19,75902.73,101396.26,153577.17
28368.65,50608.95,59468.19,75902.73,101396.26,153577.17
28368.65,50608.95,59468.19,75902.73,101396.26,153577.17
28368.65,50608.95,59468.19,75902.73,101396.26,153577.17
28368.65,50608.95,59468.19,75902.73,101396.26,153577.17
28368.65,50608.95,59468.19,75902.73,101396.26,153577.17
28368.65,50608.95,59468.19,75902.73,101396.26,153577.17
28368.65,50608.95,59468.19,75902.73,101396.26,153577.17
28368.65,50608.95,59468.19,75902.73,101396.26,153577.17
28368.65,50608.95,59468.19,75902.73,101396.26,153577.17
28368.65,50608.95,59468.19,75902.73,101396.26,153577.17
28368.65,50608.95,59468.19,75902.73,101396.26,153577.17
28368.65,50608.95,59468.19,75902.73,101396.26,153577.17
32264.15,52264.38,71661.66,96673.01,141200.26,237300.60
32264.15,52264.38,71661.66,96673.01,141200.26,237300.60
32264.15,52264.38,71661.66,96673.01,141200.26,237300.60
32264.15,52264.38,71661.66,96673.01,141200.26,237300.60
32264.15,52264.38,71661.66,96673.01,141200.26,237300.60
32264.15,52264.38,71661.66,96673.01,141200.26,237300.60
32264.15,52264.38,71661.66,96673.01,141200.26,237300.60
32264.15,52264.38,71661.66,96673.01,141200.26,237300.60
32264.15,52264.38,71661.66,96673.01,141200.26,237300.60
32264.15,52264.38,71661.66,96673.01,141200.26,237300.60
26832.76,41994.12,54101.14,72946.42,93493.51,118393.54
26832.76,41994.12,54101.14,72946.42,93493.51,118393.54
26832.76,41994.12,54101.14,72946.42,93493.51,118393.54
26832.76,41994.12,54101.14,72946.42,93493.51,118393.54
26832.76,41994.12,54101.14,72946.42,93493.51,118393.54
26832.76,41994.12,54101.14,72946.42,93493.51,118393.54
26832.76,41994.12,54101.14,72946.42,93493.51,118393.54
26832.76,41994.12,54101.14,72946.42,93493.51,118393.54
26832.76,41994.12,54101.14,72946.42,93493.51,118393.54
26832.76,41994.12,54101.14,72946.42,93493.51,118393.54
30111.58,45014.22,62600.02,74166.48,101042.02,146951.54
30111.58,45014.22,62600.02,74166.48,101042.02,146951.54
30111.58,45014.22,62600.02,74166.48,101042.02,146951.54
30111.58,45014.22,62600.02,74166.48,101042.02,146951.54
30111.58,45014.22,62600.02,74166.48,101042.02,146951.54
30111.58,45014.22,62600.02,74166.48,101042.02,146951.54
30111.58,45014.22,62600.02,74166.48,101042.02,146951.54
30111.58,45014.22,62600.02,74166.48,101042.02,146951.54
30111.58,45014.22,62600.02,74166.48,101042.02,146951.54
30111.58,45014.22,62600.02,74166.48,101042.02,146951.54
30111.58,45014.22,62600.02,74166.48,101042.02,146951.54
30111.58,45014.22,62600.02,74166.48,101042.02,146951.54
30111.58,45014.22,62600.02,74166.48,101042.02,146951.54
30111.58,45014.22,62600.02,74166.48,101042.02,146951.54
30111.58,45014.22,62600.02,74166.48,101042.02,146951.54
30111.58,45014.22,62600.02,74166.48,101042.02,146951.54
30111.58,45014.22,62600.02,74166.48,101042.02,146951.54
30111.58,45014.22,62600.02,74166.48,101042.02,146951.54
33348.94,44836.86,55434.49,74267.05,93526.83,129012.12
33348.94,44836.86,55434.49,74267.05,93526.83,129012.12
33348.94,44836.86,55434.49,74267.05,93526.83,129012.12
33348.94,44836.86,55434.49,74267.05,93526.83,129012.12
33348.94,44836.86,55434.49,74267.05,93526.83,129012.12
33348.94,44836.86,55434.49,74267.05,93526.83,129012.12
33348.94,44836.86,55434.49,74267.05,93526.83,129012.12
33348.94,44836.86,55434.49,74267.05,93526.83,129012.12
33348.94,44836.86,55434.49,74267.05,93526.83,129012.12
33348.94,44836.86,55434.49,74267.05,93526.83,129012.12
33348.94,44836.86,55434.49,74267.05,93526.83,129012.12
33348.94,44836.86,55434.49,74267.05,93526.83,129012.12
33348.94,44836.86,55434.49,74267.05,93526.83,129012.12
33348.94,44836.86,55434.49,74267.05,93526.83,129012.12
27673.18,48637.49,55628.47,70109.51,114558.45,137826.95
27673.18,48637.49,55628.47,70109.51,114558.45,137826.95
27673.18,48637.49,55628.47,70109.51,114558.45,137826.95
