0.24345,0.08783,0.02966,0.01518,0.04671,0.00303,0.00276,0.00464,0.00241,0.00755,0.00354,0.00325,0.00403,0.01288,0.02362,0.00631,0.00145,0.00069,0.01937,0.01562,0.01166,0.01362,0.00147,0.00916,0.01268,0.00423,0.01018,0.07972,0.12736,0.00974,0.02810,0.00695,0.03657,0.00207,0.01181,0.00606,0.00758,0.00691,0.01007,0.00040,0.00192,0.00698,0.00279,0.00181,0.00085,0.00194,0.01257,0.00421,0.00546,0.00089,0.01654,0.00078,0.00154,0.01141
0.08349,0.16527,0.03899,0.03311,0.06321,0.00582,0.00582,0.00734,0.00375,0.00950,0.00501,0.00674,0.01098,0.02760,0.01633,0.00876,0.00191,0.00083,0.01107,0.00923,0.00854,0.01348,0.00220,0.00546,0.01103,0.01074,0.00986,0.09656,0.15867,0.01449,0.00928,0.00571,0.02502,0.00296,0.01893,0.00613,0.00811,0.00703,0.01130,0.00034,0.00103,0.00483,0.00211,0.00117,0.00108,0.00146,0.00984,0.00400,0.00562,0.00148,0.01608,0.00047,0.00148,0.00876
0.07324,0.12078,0.07274,0.02580,0.06826,0.00848,0.00769,0.01014,0.00486,0.01751,0.00875,0.00584,0.01246,0.02346,0.01275,0.01437,0.00176,0.00065,0.00878,0.01682,0.01236,0.02589,0.00245,0.00612,0.00955,0.00697,0.00875,0.08623,0.14305,0.01110,0.01039,0.00578,0.02310,0.00220,0.01652,0.00672,0.01070,0.01007,0.01443,0.00034,0.00147,0.00524,0.00216,0.00130,0.00088,0.00111,0.01483,0.00442,0.00643,0.00111,0.01780,0.00067,0.00138,0.01336
0.03534,0.11800,0.03713,0.13499,0.10617,0.01699,0.01996,0.02233,0.01381,0.01885,0.00937,0.01621,0.03686,0.04698,0.01116,0.01522,0.00311,0.00170,0.00794,0.01418,0.00898,0.01510,0.00433,0.00497,0.00757,0.01146,0.00746,0.03953,0.05948,0.00861,0.00552,0.00460,0.01356,0.00486,0.02012,0.00773,0.00905,0.01001,0.00725,0.00041,0.00163,0.00527,0.00239,0.00251,0.00120,0.00138,0.00895,0.00442,0.00546,0.00180,0.01676,0.00062,0.00258,0.00810
0.04191,0.10024,0.02745,0.03652,0.17333,0.01801,0.01566,0.02366,0.01006,0.02357,0.01029,0.01012,0.02929,0.02618,0.00975,0.01517,0.00251,0.00102,0.00624,0.01015,0.00747,0.01712,0.00267,0.00453,0.00646,0.00930,0.00701,0.06377,0.09875,0.00681,0.00695,0.00441,0.01474,0.00340,0.02552,0.01311,0.01604,0.01380,0.01049,0.00080,0.00162,0.00653,0.00287,0.00267,0.00119,0.00249,0.01189,0.00516,0.00731,0.00200,0.01901,0.00063,0.00299,0.00935
0.01916,0.07229,0.01764,0.03450,0.09293,0.08041,0.03710,0.03902,0.02111,0.04889,0.02317,0.02013,0.06125,0.01966,0.00607,0.02789,0.00293,0.00170,0.00434,0.01019,0.00866,0.01829,0.00273,0.00354,0.00528,0.00674,0.00522,0.03300,0.04871,0.00390,0.00390,0.00354,0.00880,0.00425,0.02254,0.01238,0.02095,0.02259,0.01469,0.00137,0.00260,0.00634,0.00448,0.00432,0.00210,0.00327,0.01986,0.00672,0.01077,0.00313,0.02496,0.00112,0.00584,0.01305
0.01194,0.05155,0.01063,0.02646,0.05745,0.02832,0.08040,0.06319,0.03959,0.03766,0.01829,0.03569,0.07228,0.01320,0.00360,0.01843,0.00314,0.00147,0.00370,0.00819,0.00331,0.01154,0.00227,0.00285,0.00427,0.00615,0.00434,0.02555,0.04180,0.00395,0.00321,0.00356,0.00796,0.00622,0.02408,0.01575,0.03002,0.03323,0.02256,0.00154,0.00250,0.00783,0.00496,0.00507,0.00273,0.00335,0.03443,0.00884,0.01524,0.00553,0.04069,0.00129,0.00721,0.02100
0.00640,0.01996,0.00400,0.00915,0.02744,0.00781,0.01865,0.14183,0.05027,0.02813,0.01260,0.04996,0.02733,0.00406,0.00216,0.00985,0.00167,0.00084,0.00241,0.00442,0.00149,0.00705,0.00155,0.00222,0.00334,0.00214,0.00294,0.02375,0.04211,0.00228,0.00200,0.00269,0.00440,0.00285,0.01885,0.00950,0.02666,0.03437,0.05139,0.00239,0.00377,0.01786,0.00799,0.00585,0.00344,0.00395,0.06135,0.02623,0.03909,0.01203,0.08689,0.00216,0.01408,0.04238
0.00609,0.01693,0.00409,0.00708,0.02248,0.00627,0.02014,0.10886,0.09221,0.03170,0.01610,0.06370,0.02744,0.00344,0.00186,0.01257,0.00150,0.00085,0.00196,0.00396,0.00204,0.00728,0.00162,0.00234,0.00310,0.00207,0.00254,0.02338,0.04599,0.00236,0.00214,0.00274,0.00450,0.00306,0.01337,0.00807,0.02135,0.03026,0.04037,0.00236,0.00378,0.02012,0.00881,0.00681,0.00402,0.00528,0.05251,0.02677,0.03985,0.01209,0.09252,0.00249,0.01510,0.03970
0.00786,0.02539,0.00817,0.01008,0.02986,0.00958,0.00970,0.03691,0.01662,0.19354,0.06062,0.02460,0.01556,0.00511,0.00237,0.04919,0.00553,0.00418,0.00287,0.01253,0.00825,0.02745,0.00366,0.00279,0.00357,0.00168,0.00316,0.03005,0.05463,0.00224,0.00258,0.00393,0.00490,0.00160,0.01039,0.00526,0.01922,0.01904,0.01960,0.00197,0.00305,0.01525,0.00576,0.00515,0.00254,0.00339,0.02845,0.02174,0.03489,0.00729,0.07446,0.00185,0.01031,0.02965
0.00661,0.02408,0.00650,0.00912,0.02612,0.00817,0.00932,0.03420,0.01612,0.12902,0.22918,0.01946,0.01662,0.00366,0.00201,0.03962,0.00609,0.00509,0.00284,0.01112,0.00555,0.02315,0.00343,0.00191,0.00362,0.00180,0.00306,0.02484,0.04716,0.00171,0.00221,0.00336,0.00473,0.00175,0.00969,0.00514,0.01582,0.01665,0.01441,0.00197,0.00304,0.01363,0.00577,0.00498,0.00212,0.00308,0.02267,0.01625,0.02889,0.00802,0.06170,0.00147,0.00873,0.02276
0.00591,0.01421,0.00338,0.00412,0.01640,0.00409,0.01045,0.11347,0.04286,0.03091,0.01467,0.09757,0.01566,0.00251,0.00133,0.01108,0.00177,0.00063,0.00171,0.00418,0.00171,0.00553,0.00122,0.00194,0.00283,0.00173,0.00200,0.02316,0.04587,0.00201,0.00236,0.00293,0.00504,0.00205,0.01018,0.00678,0.01879,0.02421,0.03414,0.00219,0.00289,0.01980,0.00927,0.00768,0.00388,0.00519,0.04790,0.03485,0.06204,0.01727,0.12808,0.00226,0.02018,0.04518
0.01270,0.04859,0.00968,0.02993,0.07606,0.02565,0.05124,0.06761,0.03610,0.03160,0.01911,0.03264,0.11678,0.01532,0.00353,0.01781,0.00313,0.00121,0.00369,0.00736,0.00367,0.01182,0.00246,0.00369,0.00402,0.00613,0.00476,0.02519,0.04016,0.00362,0.00262,0.00313,0.00696,0.00522,0.02786,0.01732,0.02628,0.03134,0.01795,0.00146,0.00218,0.00750,0.00504,0.00481,0.00214,0.00348,0.03090,0.00810,0.01217,0.00488,0.03768,0.00109,0.00738,0.01725
0.05291,0.13537,0.04821,0.06260,0.09570,0.00987,0.01013,0.01258,0.00660,0.01154,0.00700,0.00976,0.02122,0.09990,0.01488,0.01112,0.00230,0.00178,0.01031,0.01151,0.00924,0.01519,0.00355,0.00491,0.00838,0.01229,0.00997,0.05714,0.07996,0.01292,0.00814,0.00533,0.01908,0.00394,0.01749,0.00653,0.00963,0.00804,0.00906,0.00039,0.00125,0.00475,0.00232,0.00170,0.00117,0.00144,0.00997,0.00428,0.00660,0.00175,0.01626,0.00068,0.00206,0.00929
0.09903,0.06701,0.01726,0.01748,0.04042,0.00452,0.00445,0.00862,0.00327,0.00768,0.00332,0.00577,0.00920,0.01461,0.15023,0.00706,0.00445,0.00180,0.07193,0.03031,0.00993,0.01581,0.00566,0.02746,0.05184,0.01572,0.01031,0.05915,0.08331,0.01292,0.00915,0.00528,0.02031,0.00648,0.01545,0.00552,0.00626,0.00664,0.00448,0.00060,0.00196,0.00541,0.00347,0.00281,0.00160,0.00256,0.00630,0.00421,0.00488,0.00214,0.01508,0.00091,0.00203,0.00595
0.01276,0.03898,0.00947,0.01020,0.03780,0.00937,0.00923,0.02631,0.01143,0.09616,0.03480,0.01270,0.01476,0.00475,0.00423,0.16423,0.00790,0.00432,0.00472,0.02785,0.01690,0.05360,0.00710,0.00358,0.00455,0.00306,0.00415,0.03965,0.06864,0.00259,0.00304,0.00391,0.00688,0.00237,0.01497,0.00659,0.02147,0.01516,0.01542,0.00088,0.00256,0.01106,0.00569,0.00342,0.00169,0.00341,0.02067,0.01317,0.02238,0.00365,0.04862,0.00126,0.00481,0.02114
0.01498,0.04012,0.00818,0.01500,0.02490,0.00426,0.00390,0.01328,0.00513,0.02720,0.02369,0.01188,0.00951,0.00755,0.01036,0.02739,0.15003,0.05832,0.01123,0.09793,0.02067,0.09050,0.07119,0.00566,0.00791,0.00770,0.00615,0.02822,0.04845,0.00465,0.00358,0.00300,0.00963,0.00515,0.01280,0.00714,0.00665,0.00910,0.00523,0.00157,0.00271,0.00658,0.00421,0.00445,0.00211,0.00329,0.00881,0.00506,0.00774,0.00298,0.01943,0.00128,0.00479,0.00678
0.01131,0.03424,0.00730,0.01022,0.02277,0.00434,0.00401,0.01496,0.00626,0.04105,0.05099,0.01120,0.00976,0.00471,0.00770,0.02974,0.08095,0.19336,0.00885,0.07872,0.01430,0.07310,0.04524,0.00467,0.00622,0.00567,0.00533,0.02158,0.04229,0.00367,0.00290,0.00294,0.00777,0.00425,0.01270,0.00573,0.00730,0.00929,0.00520,0.00124,0.00305,0.00677,0.00425,0.00432,0.00201,0.00270,0.00991,0.00540,0.00956,0.00310,0.02116,0.00126,0.00491,0.00775
0.09890,0.07556,0.02104,0.01605,0.04243,0.00354,0.00355,0.00688,0.00348,0.00903,0.00431,0.00527,0.00651,0.01234,0.07244,0.01112,0.00431,0.00196,0.11561,0.05042,0.01485,0.03253,0.00781,0.02281,0.03582,0.00817,0.01101,0.06059,0.09012,0.00882,0.00958,0.00536,0.02166,0.00596,0.01612,0.00674,0.00713,0.00730,0.00580,0.00037,0.00168,0.00444,0.00274,0.00179,0.00138,0.00205,0.00808,0.00453,0.00530,0.00171,0.01299,0.00076,0.00194,0.00728
0.02685,0.04987,0.01276,0.01236,0.02849,0.00379,0.00383,0.00853,0.00427,0.02394,0.01083,0.00604,0.00626,0.00772,0.02020,0.03840,0.01477,0.00696,0.02357,0.20648,0.04843,0.14171,0.03396,0.00746,0.01022,0.00512,0.00534,0.04184,0.06053,0.00385,0.00420,0.00328,0.01079,0.00403,0.01155,0.00643,0.00722,0.00810,0.00567,0.00081,0.00243,0.00431,0.00352,0.00206,0.00147,0.00212,0.00757,0.00545,0.00689,0.00228,0.01473,0.00081,0.00234,0.00757
0.04825,0.06101,0.02121,0.01234,0.04471,0.00412,0.00474,0.00836,0.00266,0.02898,0.01074,0.00452,0.00735,0.00760,0.01313,0.03905,0.00645,0.00297,0.01260,0.05624,0.12278,0.09695,0.01105,0.00440,0.00830,0.00317,0.00673,0.07279,0.10589,0.00491,0.00668,0.00533,0.01481,0.00213,0.01290,0.00581,0.01136,0.00906,0.01335,0.00053,0.00157,0.00511,0.00381,0.00216,0.00121,0.00199,0.01383,0.00651,0.00828,0.00109,0.02185,0.00093,0.00230,0.01338
0.02605,0.04699,0.01121,0.01131,0.03166,0.00385,0.00391,0.00914,0.00453,0.03484,0.01450,0.00633,0.00715,0.00581,0.01025,0.05262,0.01491,0.00810,0.01037,0.11197,0.04534,0.20432,0.03031,0.00435,0.00799,0.00451,0.00631,0.05059,0.07343,0.00459,0.00450,0.00326,0.01038,0.00375,0.01201,0.00628,0.00932,0.00863,0.00792,0.00083,0.00211,0.00580,0.00394,0.00220,0.00145,0.00230,0.01084,0.00528,0.00835,0.00156,0.01945,0.00081,0.00274,0.00908
0.01690,0.03653,0.00842,0.01381,0.02390,0.00347,0.00436,0.01135,0.00433,0.02057,0.01470,0.01046,0.00988,0.00788,0.01221,0.03298,0.05934,0.02478,0.01390,0.13673,0.02997,0.13541,0.13128,0.00559,0.00814,0.00851,0.00527,0.02848,0.04384,0.00530,0.00324,0.00312,0.00891,0.00582,0.01504,0.00582,0.00642,0.00745,0.00430,0.00112,0.00229,0.00496,0.00433,0.00441,0.00238,0.00304,0.00762,0.00499,0.00679,0.00287,0.01556,0.00100,0.00395,0.00633
0.02323,0.02159,0.00764,0.00456,0.01725,0.00172,0.00089,0.00303,0.00181,0.00503,0.00258,0.00197,0.00250,0.00431,0.01267,0.00483,0.00275,0.00089,0.01103,0.01095,0.00428,0.01067,0.00222,0.28567,0.21535,0.01025,0.02401,0.06243,0.09124,0.01184,0.01097,0.00959,0.02609,0.00686,0.01636,0.00564,0.00786,0.00672,0.00639,0.00017,0.00147,0.00403,0.00153,0.00150,0.00086,0.00111,0.00700,0.00322,0.00453,0.00097,0.00967,0.00031,0.00119,0.00675
0.02010,0.02317,0.00463,0.00303,0.01384,0.00094,0.00119,0.00343,0.00116,0.00538,0.00220,0.00195,0.00173,0.00197,0.01189,0.00399,0.00162,0.00067,0.00809,0.00507,0.00281,0.00786,0.00083,0.09947,0.31366,0.00382,0.03117,0.11074,0.13653,0.01224,0.01048,0.00730,0.03525,0.00347,0.01490,0.00665,0.01054,0.00948,0.01097,0.00027,0.00148,0.00434,0.00197,0.00152,0.00087,0.00139,0.01014,0.00341,0.00547,0.00067,0.01245,0.00037,0.00096,0.01047
0.01058,0.02753,0.00330,0.00890,0.01576,0.00153,0.00220,0.00576,0.00222,0.00443,0.00225,0.00296,0.00486,0.00356,0.00332,0.00319,0.00220,0.00091,0.00380,0.00441,0.00168,0.00414,0.00110,0.00443,0.00857,0.12364,0.03178,0.13245,0.19135,0.04375,0.02954,0.03321,0.05472,0.02589,0.07356,0.02997,0.01447,0.01479,0.00792,0.00039,0.00073,0.00440,0.00246,0.00220,0.00089,0.00108,0.01010,0.00400,0.00581,0.00168,0.01395,0.00048,0.00175,0.00946
0.01341,0.02712,0.00437,0.00390,0.01437,0.00140,0.00131,0.00320,0.00114,0.00434,0.00133,0.00248,0.00255,0.00348,0.00624,0.00271,0.00124,0.00042,0.00236,0.00262,0.00231,0.00617,0.00077,0.00755,0.02271,0.01652,0.11227,0.16165,0.21337,0.03392,0.03455,0.02336,0.07870,0.01131,0.03291,0.01140,0.01413,0.01275,0.01988,0.00037,0.00075,0.01121,0.00229,0.00145,0.00070,0.00133,0.01614,0.00600,0.00642,0.00091,0.01738,0.00068,0.00091,0.01724
0.01794,0.02470,0.00459,0.00516,0.01394,0.00100,0.00078,0.00423,0.00159,0.00498,0.00187,0.00285,0.00215,0.00415,0.00612,0.00347,0.00086,0.00048,0.00265,0.00291,0.00223,0.00632,0.00082,0.00558,0.01513,0.02097,0.02994,0.26435,0.21888,0.03198,0.01774,0.01661,0.05716,0.00841,0.02891,0.01274,0.01509,0.01495,0.02667,0.00030,0.00092,0.01188,0.00303,0.00183,0.00082,0.00106,0.02233,0.00604,0.00710,0.00080,0.02173,0.00062,0.00114,0.01948
0.01255,0.02766,0.00374,0.00453,0.01477,0.00084,0.00109,0.00439,0.00130,0.00441,0.00130,0.00332,0.00231,0.00371,0.00332,0.00260,0.00105,0.00036,0.00241,0.00256,0.00180,0.00562,0.00092,0.00399,0.00949,0.02063,0.02520,0.15804,0.31596,0.04218,0.02170,0.01723,0.05037,0.00617,0.04239,0.01226,0.01385,0.01624,0.02846,0.00031,0.00099,0.01463,0.00344,0.00164,0.00078,0.00122,0.02478,0.00634,0.00827,0.00088,0.02153,0.00073,0.00103,0.02271
0.01726,0.02953,0.00404,0.00368,0.01514,0.00091,0.00116,0.00421,0.00163,0.00426,0.00178,0.00347,0.00214,0.00325,0.00296,0.00313,0.00089,0.00066,0.00222,0.00316,0.00205,0.00607,0.00071,0.00498,0.01304,0.01984,0.03076,0.13468,0.25018,0.08357,0.02445,0.02197,0.05892,0.00868,0.04026,0.01324,0.01602,0.01767,0.03141,0.00015,0.00081,0.02071,0.00268,0.00151,0.00049,0.00118,0.02460,0.00532,0.00836,0.00091,0.02167,0.00064,0.00125,0.02578
0.01505,0.02376,0.00452,0.00302,0.01158,0.00101,0.00125,0.00399,0.00152,0.00522,0.00155,0.00309,0.00361,0.00208,0.00320,0.00325,0.00114,0.00060,0.00296,0.00289,0.00114,0.00663,0.00099,0.00730,0.01648,0.02061,0.05501,0.12942,0.21025,0.03781,0.09996,0.03496,0.06836,0.01924,0.04793,0.01671,0.01660,0.01615,0.01483,0.00034,0.00081,0.01091,0.00334,0.00199,0.00054,0.00132,0.01816,0.00573,0.00672,0.00143,0.01601,0.00047,0.00134,0.01521
0.01893,0.02547,0.00640,0.00628,0.01739,0.00316,0.00342,0.00859,0.00255,0.00946,0.00268,0.00334,0.00592,0.00349,0.00535,0.00565,0.00158,0.00057,0.00569,0.00505,0.00310,0.00766,0.00065,0.00930,0.01595,0.03313,0.03798,0.12082,0.18158,0.03729,0.03717,0.07948,0.05218,0.02481,0.05573,0.02643,0.02108,0.02150,0.01496,0.00024,0.00075,0.00867,0.00172,0.00168,0.00075,0.00109,0.01923,0.00499,0.00606,0.00085,0.01607,0.00049,0.00140,0.01425
0.01608,0.02657,0.00508,0.00381,0.01481,0.00061,0.00103,0.00346,0.00138,0.00445,0.00188,0.00276,0.00241,0.00361,0.00570,0.00324,0.00074,0.00035,0.00206,0.00283,0.00237,0.00609,0.00070,0.00732,0.02228,0.01341,0.03444,0.19303,0.25900,0.03479,0.01921,0.01527,0.09664,0.00635,0.03284,0.01185,0.01426,0.01374,0.02270,0.00031,0.00094,0.01413,0.00213,0.00105,0.00077,0.00085,0.01967,0.00497,0.00600,0.00072,0.01983,0.00083,0.00103,0.01759
0.00961,0.01901,0.00402,0.00560,0.01287,0.00183,0.00156,0.00641,0.00289,0.00669,0.00254,0.00401,0.00601,0.00186,0.00278,0.00393,0.00189,0.00082,0.00278,0.00508,0.00218,0.00691,0.00134,0.00566,0.00929,0.02878,0.02887,0.08942,0.15762,0.02278,0.02545,0.02742,0.04159,0.11921,0.11192,0.04903,0.03684,0.03286,0.01272,0.00065,0.00175,0.00781,0.00334,0.00292,0.00185,0.00226,0.01918,0.00544,0.00735,0.00202,0.01795,0.00099,0.00292,0.01149
0.00837,0.02358,0.00359,0.00846,0.02108,0.00195,0.00228,0.00880,0.00247,0.00640,0.00297,0.00464,0.00730,0.00292,0.00261,0.00375,0.00209,0.00067,0.00268,0.00473,0.00181,0.00599,0.00116,0.00447,0.00739,0.02567,0.02453,0.07328,0.14090,0.01845,0.01711,0.01887,0.03287,0.04658,0.18568,0.06632,0.04307,0.04725,0.01939,0.00060,0.00176,0.00692,0.00388,0.00280,0.00183,0.00240,0.02208,0.00670,0.00772,0.00233,0.02009,0.00086,0.00300,0.01488
0.00909,0.01253,0.00341,0.00529,0.01173,0.00211,0.00277,0.01102,0.00275,0.00664,0.00261,0.00525,0.00916,0.00131,0.00149,0.00408,0.00133,0.00064,0.00227,0.00376,0.00181,0.00607,0.00101,0.00486,0.00678,0.01322,0.01154,0.05939,0.10889,0.00990,0.01040,0.01054,0.01761,0.01855,0.09865,0.15239,0.08583,0.07353,0.04668,0.00060,0.00247,0.01180,0.00531,0.00302,0.00172,0.00254,0.05156,0.00999,0.01193,0.00153,0.02827,0.00089,0.00307,0.02843
0.00637,0.01494,0.00285,0.00621,0.01696,0.00363,0.00504,0.01317,0.00551,0.01152,0.00402,0.00801,0.00976,0.00266,0.00172,0.00683,0.00112,0.00052,0.00149,0.00287,0.00141,0.00483,0.00073,0.00318,0.00376,0.00829,0.01015,0.04515,0.09042,0.00881,0.00791,0.00876,0.01484,0.01495,0.06403,0.05978,0.17282,0.08463,0.05217,0.00066,0.00143,0.02024,0.00827,0.00349,0.00217,0.00203,0.05458,0.01567,0.01831,0.00350,0.04244,0.00084,0.00462,0.03988
0.00557,0.00842,0.00207,0.00320,0.00924,0.00184,0.00329,0.01784,0.00482,0.00723,0.00224,0.00730,0.00838,0.00099,0.00167,0.00379,0.00135,0.00069,0.00199,0.00339,0.00170,0.00492,0.00081,0.00288,0.00444,0.00450,0.00531,0.03224,0.06725,0.00503,0.00358,0.00459,0.00867,0.00720,0.04722,0.04172,0.06990,0.19138,0.10877,0.00076,0.00277,0.02196,0.00786,0.00437,0.00265,0.00261,0.09586,0.01616,0.02057,0.00196,0.04783,0.00121,0.00363,0.06236
0.00538,0.00748,0.00230,0.00358,0.00830,0.00235,0.00511,0.02004,0.00597,0.00755,0.00342,0.01108,0.00839,0.00100,0.00150,0.00356,0.00132,0.00064,0.00169,0.00299,0.00109,0.00522,0.00103,0.00242,0.00454,0.00301,0.00463,0.02722,0.04357,0.00376,0.00264,0.00349,0.00563,0.00376,0.02670,0.02620,0.03981,0.10402,0.17651,0.00116,0.00299,0.02825,0.00951,0.00529,0.00299,0.00287,0.15715,0.02399,0.03055,0.00445,0.06168,0.00173,0.00677,0.07171
0.00308,0.00478,0.00178,0.00314,0.00759,0.00152,0.00288,0.04581,0.00629,0.01039,0.00725,0.02390,0.00521,0.00058,0.00136,0.00338,0.00188,0.00128,0.00140,0.00342,0.00102,0.00495,0.00126,0.00158,0.00196,0.00132,0.00132,0.01169,0.02010,0.00144,0.00148,0.00148,0.00244,0.00194,0.00703,0.00573,0.00863,0.01169,0.01323,0.06180,0.01464,0.03384,0.03035,0.05013,0.01862,0.02344,0.03013,0.03718,0.07706,0.03722,0.21270,0.02108,0.07792,0.03664
0.00353,0.00544,0.00265,0.00328,0.00798,0.00096,0.00248,0.02056,0.00408,0.00975,0.00708,0.01229,0.00347,0.00047,0.00162,0.00437,0.00205,0.00146,0.00137,0.00404,0.00125,0.00601,0.00156,0.00154,0.00205,0.00178,0.00238,0.01024,0.01736,0.00094,0.00121,0.00133,0.00297,0.00254,0.00642,0.00412,0.00718,0.01069,0.00891,0.01104,0.27973,0.03714,0.03055,0.03792,0.02124,0.03779,0.02460,0.02399,0.05101,0.01293,0.15957,0.01793,0.03285,0.03232
0.00525,0.00404,0.00171,0.00122,0.00483,0.00080,0.00107,0.02248,0.00285,0.00741,0.00282,0.00922,0.00230,0.00032,0.00094,0.00273,0.00062,0.00037,0.00121,0.00199,0.00099,0.00372,0.00054,0.00131,0.00204,0.00080,0.00206,0.01865,0.04043,0.00189,0.00270,0.00282,0.00409,0.00112,0.00853,0.00573,0.01334,0.02221,0.04036,0.00458,0.00818,0.16040,0.04284,0.02112,0.01803,0.01443,0.06568,0.05254,0.08927,0.00929,0.16184,0.00741,0.01854,0.07837
0.00363,0.00521,0.00167,0.00194,0.00622,0.00102,0.00144,0.02255,0.00351,0.00811,0.00279,0.01227,0.00321,0.00062,0.00107,0.00359,0.00117,0.00058,0.00109,0.00319,0.00114,0.00483,0.00070,0.00140,0.00216,0.00124,0.00194,0.01516,0.03115,0.00164,0.00165,0.00222,0.00404,0.00175,0.00824,0.00692,0.01215,0.01624,0.02559,0.00550,0.00866,0.10365,0.10013,0.03316,0.02193,0.01763,0.05258,0.05037,0.09242,0.01111,0.17707,0.00754,0.02525,0.06795
0.00305,0.00583,0.00152,0.00282,0.00583,0.00097,0.00205,0.03063,0.00361,0.00769,0.00449,0.01767,0.00366,0.00073,0.00151,0.00340,0.00141,0.00080,0.00145,0.00381,0.00144,0.00476,0.00114,0.00123,0.00193,0.00161,0.00168,0.01283,0.02394,0.00130,0.00128,0.00215,0.00295,0.00161,0.00676,0.00531,0.01032,0.01328,0.01728,0.01407,0.01694,0.06413,0.04700,0.10184,0.02949,0.02870,0.03660,0.03765,0.07538,0.01908,0.19838,0.01776,0.04981,0.04743
0.00346,0.00578,0.00273,0.00260,0.00696,0.00146,0.00224,0.02523,0.00348,0.00853,0.00383,0.01296,0.00352,0.00071,0.00165,0.00358,0.00163,0.00079,0.00124,0.00393,0.00169,0.00602,0.00132,0.00132,0.00206,0.00159,0.00201,0.01341,0.02792,0.00146,0.00126,0.00201,0.00317,0.00228,0.00714,0.00539,0.00938,0.01408,0.01821,0.01001,0.01955,0.07974,0.05054,0.05893,0.06737,0.04027,0.03935,0.03982,0.07634,0.01298,0.18589,0.01630,0.03534,0.04952
0.00455,0.00536,0.00256,0.00238,0.00683,0.00101,0.00210,0.02357,0.00322,0.00894,0.00425,0.01207,0.00334,0.00050,0.00149,0.00334,0.00153,0.00105,0.00131,0.00342,0.00113,0.00580,0.00113,0.00167,0.00242,0.00111,0.00195,0.01517,0.02847,0.00191,0.00165,0.00201,0.00359,0.00189,0.00727,0.00554,0.01013,0.01424,0.01831,0.00901,0.02655,0.07410,0.04492,0.04905,0.04090,0.08185,0.03840,0.03312,0.07847,0.01217,0.20021,0.01775,0.03328,0.04202
0.00434,0.00597,0.00204,0.00105,0.00527,0.00067,0.00233,0.01718,0.00571,0.00856,0.00256,0.01249,0.00408,0.00073,0.00090,0.00274,0.00096,0.00055,0.00093,0.00233,0.00099,0.00483,0.00058,0.00201,0.00265,0.00151,0.00189,0.02903,0.06019,0.00309,0.00224,0.00291,0.00463,0.00195,0.01520,0.01316,0.02670,0.04266,0.07906,0.00186,0.00317,0.04321,0.01543,0.00946,0.00521,0.00521,0.24881,0.03302,0.04656,0.00507,0.08896,0.00253,0.00696,0.10785
0.00332,0.00430,0.00150,0.00193,0.00501,0.00128,0.00122,0.02535,0.00351,0.00673,0.00347,0.01221,0.00254,0.00051,0.00113,0.00318,0.00095,0.00035,0.00086,0.00178,0.00123,0.00277,0.00053,0.00122,0.00176,0.00086,0.00189,0.01835,0.04616,0.00145,0.00161,0.00236,0.00326,0.00203,0.00947,0.00689,0.01540,0.02520,0.06226,0.00209,0.00455,0.07369,0.02674,0.01440,0.00600,0.00682,0.08304,0.10438,0.08134,0.01028,0.15730,0.00258,0.01605,0.12488
0.00360,0.00446,0.00128,0.00206,0.00525,0.00083,0.00135,0.02781,0.00506,0.00982,0.00323,0.01559,0.00271,0.00083,0.00092,0.00315,0.00083,0.00052,0.00095,0.00195,0.00086,0.00360,0.00064,0.00126,0.00162,0.00099,0.00185,0.01713,0.03538,0.00135,0.00161,0.00287,0.00313,0.00180,0.00709,0.00645,0.01250,0.01965,0.03949,0.00557,0.00553,0.07384,0.03324,0.02288,0.01238,0.01310,0.06393,0.06331,0.15618,0.01179,0.17331,0.00560,0.02275,0.08516
0.00305,0.00467,0.00174,0.00178,0.00717,0.00129,0.00254,0.06545,0.00805,0.01333,0.00647,0.03266,0.00457,0.00063,0.00106,0.00405,0.00129,0.00039,0.00145,0.00276,0.00106,0.00395,0.00102,0.00100,0.00182,0.00121,0.00152,0.01163,0.02179,0.00115,0.00170,0.00190,0.00231,0.00149,0.00778,0.00471,0.00952,0.01435,0.02142,0.01343,0.00846,0.03741,0.02441,0.02476,0.01108,0.01040,0.04194,0.04781,0.08555,0.09411,0.20895,0.00995,0.05386,0.05218
0.00363,0.00571,0.00148,0.00283,0.00644,0.00146,0.00197,0.03187,0.00480,0.00866,0.00490,0.01977,0.00375,0.00078,0.00123,0.00365,0.00123,0.00105,0.00127,0.00386,0.00136,0.00472,0.00106,0.00144,0.00224,0.00132,0.00178,0.01596,0.02892,0.00188,0.00161,0.00231,0.00346,0.00206,0.00711,0.00591,0.01069,0.01692,0.02388,0.01130,0.01065,0.05676,0.03807,0.04156,0.01814,0.01950,0.04339,0.04240,0.08919,0.01596,0.26001,0.00980,0.03739,0.06089
0.00286,0.00561,0.00163,0.00298,0.00601,0.00114,0.00245,0.03472,0.00455,0.00946,0.00493,0.01926,0.00468,0.00091,0.00138,0.00459,0.00159,0.00097,0.00104,0.00305,0.00108,0.00527,0.00100,0.00127,0.00186,0.00137,0.00167,0.01115,0.02154,0.00123,0.00157,0.00173,0.00256,0.00205,0.00785,0.00451,0.00885,0.01282,0.01519,0.01835,0.02491,0.03878,0.03460,0.06066,0.02981,0.03786,0.02971,0.03299,0.07869,0.02292,0.20601,0.07017,0.06443,0.03170
0.00337,0.00486,0.00198,0.00256,0.00773,0.00116,0.00296,0.04586,0.00631,0.01000,0.00634,0.02708,0.00518,0.00094,0.00144,0.00438,0.00152,0.00077,0.00128,0.00280,0.00080,0.00486,0.00108,0.00121,0.00195,0.00120,0.00166,0.01139,0.02132,0.00135,0.00159,0.00200,0.00253,0.00203,0.00633,0.00559,0.00850,0.01275,0.01477,0.02448,0.01375,0.03272,0.03066,0.05483,0.01717,0.02069,0.03014,0.04026,0.08017,0.03457,0.20466,0.01742,0.11719,0.03985
0.00348,0.00379,0.00176,0.00071,0.00425,0.00079,0.00253,0.01967,0.00558,0.00831,0.00299,0.01304,0.00456,0.00042,0.00081,0.00212,0.00068,0.00044,0.00095,0.00222,0.00093,0.00381,0.00070,0.00131,0.00222,0.00093,0.00205,0.02109,0.04242,0.00203,0.00166,0.00220,0.00400,0.00126,0.01194,0.00943,0.02438,0.03815,0.08088,0.00147,0.00251,0.05531,0.01986,0.01018,0.00512,0.00423,0.12696,0.04524,0.05345,0.00684,0.12191,0.00155,0.00947,0.20542
