2.8,10.7,15.3,18.0,9.8,19.7,51.0,61.9,44.8,30.6,21.5,17.7,18.1,24.3,14.4,8.1,20.9,26.4,23.3,26.6,38.1,39.9,28.0,74.6,70.4,12.6,13.8,31.9,27.1,26.2,34.5,24.6,22.0,31.1,79.8,32.4,33.8,55.7,43.9,41.2,40.4,77.2,56.9,19.4,30.6,16.2,41.4
10.7,2.5,12.1,16.2,7.0,17.9,52.2,63.1,46.0,31.8,22.7,18.5,16.1,17.5,6.8,13.9,10.6,19.3,13.0,20.8,31.1,38.1,26.1,72.8,68.6,18.2,17.6,37.9,33.7,32.7,36.5,26.6,25.1,32.1,85.9,39.0,40.4,62.3,49.9,43.2,42.3,79.2,58.8,21.4,33.9,22.8,47.4
15.3,12.1,2.3,5.3,8.0,9.0,61.5,72.3,55.3,41.0,31.9,28.2,27.0,26.2,17.9,21.4,14.7,20.9,11.5,12.1,23.6,27.6,17.2,62.2,58.3,14.2,12.4,33.7,32.5,28.7,31.2,21.3,19.8,23.2,81.7,37.9,39.3,61.2,45.7,37.9,37.1,73.9,53.6,16.1,28.6,24.2,43.3
18.1,16.4,5.8,2.7,11.3,6.2,63.9,74.8,57.7,43.5,34.3,30.7,29.9,27.3,21.6,24.2,17.0,21.3,12.6,12.2,22.5,22.5,12.3,57.1,53.2,16.0,12.0,35.6,34.4,30.6,30.9,21.0,19.5,20.4,83.6,39.7,41.1,63.0,47.6,37.5,36.7,73.6,53.2,15.8,28.3,25.8,45.1
10.0,6.5,7.5,10.4,1.4,12.1,56.7,67.6,50.5,36.3,27.1,23.0,20.6,22.0,11.3,15.2,14.8,23.4,15.5,18.1,29.5,32.3,20.4,67.0,62.8,12.0,11.1,31.7,30.5,26.7,29.9,20.0,18.5,25.8,79.7,35.9,37.3,59.2,43.7,36.6,35.8,72.6,52.3,14.8,27.3,21.9,41.3
17.8,16.3,7.4,4.1,11.0,2.5,63.6,74.5,57.4,43.2,34.1,30.4,30.6,29.7,21.3,23.9,19.4,23.6,14.9,14.5,25.7,23.9,12.6,58.6,54.6,15.7,11.8,35.3,34.1,30.3,30.6,20.7,19.2,18.6,83.3,39.4,40.9,62.7,47.3,37.3,36.4,73.3,53.0,15.5,27.9,25.5,44.8
52.1,52.7,62.5,64.8,57.6,66.5,7.4,17.4,31.7,27.8,32.8,38.9,45.0,48.8,48.5,46.4,54.9,54.4,59.7,65.4,72.2,84.0,70.0,118.7,112.8,55.4,59.5,60.5,55.8,57.2,70.0,59.9,56.5,69.5,104.1,47.2,46.7,47.7,74.4,77.8,76.9,113.8,93.5,64.9,61.6,47.2,71.4
62.4,63.1,72.8,75.1,67.9,76.8,17.8,18.0,41.6,38.2,43.2,49.3,55.4,59.1,58.9,56.8,65.2,64.8,70.0,75.8,82.6,94.4,80.4,129.1,123.1,65.8,69.9,73.3,68.5,67.5,80.4,70.3,66.8,79.9,118.5,61.6,61.1,62.1,85.3,88.1,87.3,124.2,103.8,75.3,72.0,57.6,82.8
44.6,45.3,55.0,57.3,50.2,59.0,31.2,41.6,12.4,21.2,25.4,31.5,37.6,41.4,41.1,38.9,47.4,47.0,52.2,58.0,64.8,76.6,62.6,111.3,105.3,48.0,52.1,55.5,50.7,49.7,62.6,52.5,49.1,62.1,103.4,54.3,53.8,55.8,67.5,70.3,69.5,106.4,86.0,57.5,54.2,39.8,65.0
31.2,31.9,41.6,43.9,36.7,45.6,26.9,37.8,21.3,4.9,11.9,18.0,24.1,27.9,27.6,25.6,34.0,33.6,38.8,44.6,51.4,63.2,49.1,97.8,91.9,34.5,38.7,42.0,37.2,36.3,49.1,39.0,35.6,48.7,90.0,42.5,43.9,63.3,54.0,56.9,56.1,92.9,72.6,44.0,40.7,26.4,51.6
22.7,23.4,33.1,35.5,28.3,37.1,31.8,42.7,25.6,11.4,4.5,9.6,14.8,19.9,19.2,17.1,25.5,25.5,30.3,36.1,42.9,54.7,40.7,89.4,83.4,26.1,30.2,33.6,28.8,27.8,40.7,30.6,27.2,40.2,81.5,34.1,35.5,57.4,45.6,48.4,47.6,84.5,64.1,35.6,32.3,17.9,43.1
17.7,18.5,28.3,30.6,23.3,32.3,38.9,49.8,32.7,18.5,9.3,5.1,11.3,20.3,14.2,11.3,20.6,23.9,25.4,31.1,37.9,49.7,35.8,84.4,78.6,21.2,25.3,28.7,23.9,23.0,35.8,25.7,22.3,35.3,76.6,29.2,30.6,52.5,40.7,43.6,42.7,79.6,59.3,30.7,27.4,13.0,38.2
18.1,16.0,26.9,30.3,20.8,32.2,44.1,55.0,37.9,23.7,14.5,11.5,3.7,9.9,11.4,15.0,17.9,18.5,22.7,28.5,35.3,47.1,38.9,81.7,77.8,27.6,29.1,35.1,30.3,29.4,42.3,32.1,28.7,41.8,83.1,35.7,37.1,59.0,47.1,50.0,49.2,86.1,65.7,34.6,33.9,19.5,44.7
24.4,17.5,26.7,27.5,22.4,31.3,47.7,58.6,41.5,27.3,19.3,19.8,9.1,5.0,11.9,21.3,16.1,10.9,19.9,25.6,32.4,44.2,36.1,78.9,75.0,33.3,32.8,41.9,37.1,36.1,49.0,38.9,35.5,45.5,89.8,42.4,43.8,65.7,53.9,56.7,55.9,92.8,72.4,36.7,40.6,26.2,51.4
14.0,6.4,17.5,20.8,11.2,22.5,47.7,58.5,41.5,27.2,18.1,13.9,11.5,11.8,2.7,12.7,10.3,14.3,15.4,21.5,28.3,40.1,30.8,74.8,70.9,22.1,21.6,34.4,29.7,28.7,40.6,30.7,28.0,36.5,82.4,35.0,36.4,58.3,46.5,47.2,46.4,83.3,62.9,25.5,33.2,18.8,44.0
8.2,13.9,21.5,24.2,15.4,25.9,45.2,56.0,38.9,24.7,15.6,11.3,14.9,21.2,13.4,3.5,20.0,23.3,24.8,30.6,37.4,46.1,34.2,80.8,76.6,17.7,20.0,27.2,22.4,21.5,34.3,24.2,20.8,33.8,75.2,27.7,29.1,51.0,39.2,42.1,41.2,78.1,57.8,25.6,25.9,11.6,36.7
20.9,10.6,14.6,17.3,15.1,21.1,54.4,65.3,48.3,34.0,24.9,20.7,17.8,15.4,10.2,20.7,3.0,12.5,8.3,19.0,26.4,38.2,29.4,72.9,69.0,26.4,25.3,41.2,36.4,35.5,44.1,34.2,32.7,35.4,89.2,41.8,43.2,65.0,53.2,50.8,49.9,86.8,66.5,29.0,39.9,25.6,50.8
25.9,18.8,20.8,21.6,23.4,25.4,53.6,64.4,47.4,33.1,25.1,22.8,18.1,11.3,13.7,22.8,12.5,6.1,13.7,20.0,26.7,38.6,30.4,73.2,69.3,33.9,31.0,43.3,38.5,37.6,49.8,39.9,36.9,39.6,91.3,43.9,45.3,67.2,55.3,56.5,55.7,92.5,72.2,34.7,42.1,27.7,52.9
23.5,13.2,11.8,13.1,16.0,16.9,59.5,70.4,53.3,39.1,30.0,25.8,23.0,20.5,15.6,25.8,8.5,13.9,3.3,13.7,22.5,34.3,25.2,69.0,65.0,24.8,22.5,44.3,41.5,39.3,41.4,31.4,30.0,31.1,92.3,46.9,48.3,70.1,56.3,48.0,47.2,84.1,63.7,26.3,38.8,30.7,53.9
26.8,20.9,12.3,12.6,18.7,17.0,65.6,76.4,59.4,45.1,36.0,31.8,29.1,26.5,22.7,31.8,18.9,20.4,13.8,3.9,13.5,25.6,17.2,60.3,56.4,25.7,22.4,45.2,44.0,40.2,41.1,31.0,29.9,28.9,93.2,49.4,50.8,72.7,57.2,47.9,47.1,84.0,63.6,26.1,38.2,35.7,54.8
37.1,29.9,22.8,22.9,28.8,28.1,70.2,81.0,64.0,49.7,40.6,36.4,33.7,31.1,27.3,36.4,25.2,25.0,21.1,12.8,8.2,26.3,23.3,60.1,57.0,36.2,32.9,53.6,52.1,49.4,46.9,36.9,39.4,34.8,101.6,57.5,58.9,80.8,65.6,54.2,53.4,90.3,69.9,31.9,44.1,41.3,61.8
39.4,37.9,28.0,22.4,32.6,25.4,82.9,93.8,76.7,62.5,53.3,49.1,46.4,43.8,40.1,45.5,37.9,37.8,33.8,25.7,26.4,10.9,19.0,38.9,35.0,37.4,33.4,50.7,52.1,46.5,44.0,33.9,36.4,31.8,98.6,57.5,58.9,80.7,62.7,51.2,50.4,82.2,66.9,29.0,41.1,45.0,58.8
28.0,26.5,17.6,12.2,21.2,10.2,69.9,80.8,63.8,49.5,40.4,36.7,38.5,36.0,31.5,34.1,28.9,29.9,24.5,17.2,22.5,18.6,4.2,53.3,49.4,25.9,20.7,35.7,37.2,31.5,29.0,18.9,21.4,16.8,83.7,42.5,43.9,65.8,47.7,36.3,35.4,72.3,52.0,14.0,26.1,30.1,43.8
72.7,71.2,61.3,55.7,65.9,58.7,116.2,127.1,110.0,95.8,86.6,82.4,79.7,77.2,73.4,78.9,71.2,71.1,67.1,59.1,59.3,37.6,52.3,11.5,52.8,70.7,66.7,84.0,85.4,79.8,77.3,67.2,69.7,65.1,131.9,90.8,92.2,114.0,96.0,84.5,83.7,95.9,96.8,62.3,74.4,78.4,92.1
70.1,68.6,58.7,53.1,63.3,52.4,111.6,122.5,105.5,91.2,82.1,78.4,77.1,74.5,70.8,76.2,68.6,68.5,64.5,56.4,57.1,35.0,49.7,53.9,16.2,68.1,62.9,77.4,78.9,73.2,70.7,60.6,63.2,59.0,122.5,84.2,85.6,107.5,89.4,78.0,77.2,81.9,82.7,56.2,67.8,71.8,85.6
12.4,17.7,14.0,15.4,11.6,17.1,53.9,64.8,47.7,33.5,24.3,20.7,26.2,33.2,22.5,14.9,26.0,33.8,24.3,25.3,36.8,37.3,25.3,72.0,67.8,2.7,7.4,23.4,22.2,18.4,29.6,19.4,12.7,25.8,71.4,27.6,29.0,50.8,35.4,36.3,35.5,72.4,52.0,14.1,22.8,14.6,33.0
14.4,17.0,12.0,11.3,10.7,13.0,58.5,69.4,52.3,38.1,28.9,25.3,29.6,32.5,21.8,19.7,25.3,30.7,22.0,21.6,32.7,33.3,20.2,67.9,63.0,7.4,2.7,26.4,25.2,21.4,23.8,13.6,9.3,19.6,74.3,30.5,31.9,53.8,38.4,30.5,29.7,66.6,46.2,7.9,21.0,17.9,35.9
33.1,38.8,34.8,36.2,32.7,37.6,60.2,74.2,57.2,42.9,33.8,30.1,35.7,43.1,35.5,28.2,41.9,45.2,45.1,46.1,55.0,52.2,36.7,86.8,79.5,24.4,27.3,4.8,15.2,16.6,24.0,26.6,23.2,36.2,54.3,16.4,16.4,37.3,18.9,28.8,37.3,74.1,53.8,31.8,18.8,23.2,15.2
27.6,34.1,32.6,34.0,30.5,35.7,55.2,68.8,51.7,37.4,28.3,24.6,30.2,37.6,30.0,22.7,36.4,39.7,41.2,43.9,53.8,51.8,36.3,86.4,79.1,22.2,25.1,15.4,5.0,12.5,28.3,26.2,22.8,35.8,64.5,12.0,11.3,33.2,28.6,39.2,41.6,78.4,58.0,30.4,22.4,17.0,25.6
26.4,32.8,28.8,30.2,26.7,31.9,56.7,67.6,50.5,36.3,27.1,23.5,29.0,36.4,28.8,21.5,35.2,38.5,39.1,40.1,49.6,46.7,31.2,81.4,74.0,18.4,21.3,15.6,12.6,4.7,24.8,21.1,17.3,30.8,63.5,20.5,19.8,41.7,27.6,38.2,38.1,74.9,54.6,26.0,16.4,16.2,25.1
35.1,36.1,31.1,30.4,29.8,29.6,69.4,80.3,63.2,49.0,39.8,36.2,41.7,49.2,40.8,34.2,44.3,49.8,41.1,40.7,47.1,44.2,28.7,78.8,71.5,29.7,23.8,24.6,28.6,25.0,7.6,14.1,22.3,19.9,72.2,36.1,36.0,57.0,36.3,19.3,19.2,56.1,35.7,23.1,16.3,29.5,23.2
24.3,25.2,20.2,19.5,18.9,18.2,58.4,69.2,52.2,37.9,28.8,25.1,30.7,38.1,29.9,23.2,33.4,38.9,30.2,29.8,35.7,32.8,17.3,67.5,60.1,18.4,12.5,24.1,25.6,19.9,14.4,3.8,11.1,14.5,72.1,30.9,32.3,54.2,36.1,21.7,21.1,58.0,37.6,12.0,14.6,18.5,29.3
22.6,24.7,19.8,19.1,18.4,20.8,55.6,66.5,49.4,35.2,26.0,22.4,28.0,35.4,27.8,20.4,33.0,37.5,29.7,29.3,38.6,35.8,20.3,70.4,63.1,12.8,9.3,21.4,22.8,17.2,21.9,11.7,3.8,19.8,69.3,28.2,29.6,51.5,33.4,29.2,28.4,65.3,44.9,11.2,14.1,15.8,30.9
31.5,31.7,23.9,20.6,25.4,16.5,69.5,80.4,63.3,49.1,39.9,36.3,41.9,46.1,36.4,34.3,35.8,40.1,31.4,29.3,33.9,31.1,15.6,65.7,58.3,25.8,19.8,35.3,36.7,31.1,19.9,14.3,20.9,4.1,83.2,42.1,43.5,65.4,47.0,26.9,26.7,63.5,43.1,13.1,25.7,29.7,34.5
79.7,85.5,81.5,82.9,79.4,84.3,104.0,118.3,103.8,89.6,80.5,76.8,82.4,89.8,82.2,74.8,88.6,91.9,91.8,92.8,101.7,98.8,83.4,133.5,122.6,71.1,74.0,55.4,65.7,63.7,71.9,73.3,69.8,82.9,33.5,67.6,67.5,73.0,48.1,65.9,72.3,71.8,57.4,78.5,66.7,69.9,55.2
33.4,39.9,38.4,39.8,36.3,41.5,46.7,61.1,53.7,43.3,34.1,30.5,36.0,43.4,35.9,28.5,42.2,45.6,47.0,49.7,59.6,57.6,42.1,92.3,84.9,28.0,30.9,17.7,13.5,20.6,36.9,32.0,28.6,41.7,68.3,4.4,8.3,28.3,32.4,42.1,49.1,85.9,65.6,36.2,31.4,20.7,28.6
34.6,41.1,39.6,41.0,37.5,42.7,46.7,61.0,53.7,44.5,35.3,31.7,37.2,44.6,37.1,29.7,43.4,46.8,48.2,50.9,60.8,58.8,43.3,93.4,86.1,29.2,32.1,16.3,11.3,19.7,35.5,33.2,29.8,42.8,66.9,8.1,5.9,24.7,31.0,40.7,48.8,85.6,65.3,37.4,30.0,24.0,27.1
55.4,61.8,60.3,61.7,58.2,63.4,47.7,62.0,55.8,63.8,56.1,52.4,58.0,65.4,57.8,50.5,64.2,67.5,69.0,71.6,81.6,79.5,64.1,114.2,106.8,49.9,52.8,37.0,32.1,40.4,56.0,54.0,50.6,63.6,73.0,28.0,23.0,15.5,43.2,57.7,66.2,101.7,81.3,58.2,50.5,44.7,47.1
43.9,49.7,45.7,47.1,43.6,48.5,74.2,85.1,68.1,53.8,44.7,41.0,46.6,54.0,46.4,39.1,52.8,56.1,56.1,57.0,65.9,63.0,47.6,97.7,90.3,35.3,38.2,19.7,29.9,27.9,36.1,37.5,34.1,47.1,48.1,31.8,31.8,43.2,11.4,24.7,33.2,68.7,45.7,42.7,30.9,34.1,14.5
42.0,42.9,38.0,37.3,36.6,36.8,77.1,88.0,70.9,56.7,47.5,43.9,49.4,56.8,47.7,41.9,51.2,56.6,47.9,47.5,54.3,51.4,35.9,86.0,78.7,36.6,30.6,28.9,39.7,37.8,19.4,21.8,29.2,27.6,66.3,40.9,40.9,58.0,24.7,5.1,13.2,50.2,29.8,29.9,29.8,37.2,15.6
40.6,41.5,36.6,35.9,35.2,35.4,75.7,86.6,69.5,55.3,46.1,42.5,48.0,55.4,46.3,40.5,49.8,55.2,46.5,46.1,52.8,50.0,34.5,84.6,77.3,35.2,29.2,37.9,41.8,37.3,19.2,20.1,27.8,25.9,72.4,48.3,49.3,66.5,33.1,13.2,4.3,46.6,26.2,28.5,29.6,35.8,24.6
78.2,79.1,74.2,73.5,72.8,73.0,113.3,124.2,107.1,92.8,83.7,80.0,85.6,93.0,83.8,78.1,87.4,92.8,84.1,83.7,90.4,82.4,72.1,96.6,82.2,72.7,66.8,75.3,79.4,74.8,56.8,57.9,65.4,63.8,73.0,85.8,86.9,103.0,69.6,51.2,46.5,25.2,33.8,66.1,67.2,73.4,61.9
57.7,58.6,53.7,53.0,52.3,52.5,92.8,103.7,86.6,72.4,63.2,59.5,65.1,72.5,63.3,57.6,66.9,72.3,63.6,63.2,69.9,67.0,51.6,97.3,82.9,52.2,46.3,54.8,58.9,54.4,36.3,37.5,44.9,43.3,57.4,65.3,66.4,82.5,45.7,30.7,26.0,32.7,12.7,45.6,46.7,52.9,41.4
19.7,20.6,15.7,15.0,14.4,14.3,63.6,74.5,57.4,43.2,34.1,30.4,34.7,36.1,25.4,25.0,28.9,34.3,25.6,25.3,31.7,28.8,13.4,63.5,56.1,13.7,7.8,30.0,30.3,25.8,23.1,13.1,11.3,12.7,78.0,35.6,37.0,58.9,42.0,29.7,28.9,65.7,45.4,2.9,20.5,23.0,37.3
30.2,32.9,28.0,27.3,26.6,25.6,60.5,71.4,54.3,40.1,31.0,27.3,32.9,40.3,32.7,25.4,39.1,42.4,37.9,37.5,43.1,40.2,24.7,74.9,67.5,22.1,20.4,18.9,22.2,16.5,16.4,14.6,14.3,24.3,66.5,29.7,29.7,50.5,30.5,29.8,29.7,66.5,46.2,19.9,4.7,20.7,24.7
16.3,22.8,24.5,26.0,22.0,27.7,46.6,57.4,40.4,26.1,17.0,13.3,18.9,26.3,18.7,11.4,25.1,28.4,29.9,35.7,42.5,45.3,29.8,80.0,72.6,14.5,17.9,21.8,16.5,15.5,29.6,19.7,16.1,29.4,69.7,20.7,23.2,45.1,33.8,37.6,36.8,73.6,53.3,23.3,21.2,5.8,31.3
40.2,46.0,42.0,43.4,39.9,44.3,70.6,81.4,64.4,50.1,41.0,37.3,42.9,50.3,42.7,35.4,49.1,52.4,52.4,53.3,61.7,58.8,43.4,93.5,86.1,31.6,34.5,15.3,26.1,24.2,23.1,29.3,30.4,35.1,55.5,27.3,27.3,47.3,14.3,15.5,24.5,61.7,41.3,37.4,24.6,30.4,5.0
