gid,dens_hh_km2,ybar_usd,rent_data_yr,r_model_yr,mu_pct,H_units,L_km2,kappa_d1,kappa_d2,kappa_d3,kappa_d4,kappa_d5,kappa_d6
1100101,1043.12657849321,89882.3684231269,25572,22202.838365641,3.28,61188.0116657862,36.64,10.1713521346779,10.6200814608487,10.7965499471514,10.7746558573396,10.8626911953876,11.0954670665033
1100102,1237.47505029162,76478.1176755982,19476,19946.0709467024,-11.92,55759.4100527296,28.51,10.1847005796017,10.5050716038197,10.7107398279853,10.850862006988,11.0155985168963,11.3032488534884
1100103,1858.00888562711,90054.8721725588,22188,23302.0486268926,-17.97,65793.246087046,23.18,10.3821963850884,10.5340354076925,10.6543635515304,10.7919126139136,10.9556637217869,11.2770033532355
1100104,1097.0265095728,66693.9111632236,14064,12670.3990528235,-21.89,81758.1368287019,33.03,10.2931171239354,10.5004669268335,10.7385164832487,11.0054673470242,11.3236947264467,11.7376904304668
1100105,5698.0723943543,87739.2424948083,25464,23894.9454593247,-12.36,70911.4745765945,8.52,10.453153441888,10.5869862417143,10.7616215387077,10.8241094566648,11.0636078926393,11.3712203778433
1100106,1630.59481851399,90529.0957849669,27552,22112.4983723703,-11.12,74952.1812788697,28.44,10.3220876773868,10.5238109494374,10.6210872603133,10.8128365934599,11.0012154724818,11.361181320036
2400301,202.802445093376,60889.8994164184,19944,20698.0708460227,-6.54,64480.30921364,245.12,9.74245321155488,10.031113823638,10.1646692861029,10.34517884479,10.5649605132798,10.8863501139731
2400302,34.9796032218154,55225.244589621,17628,22394.1362664576,3.07,57580.6561170884,1465.85,9.46390318306642,9.78087011940957,9.81923369967766,10.0062670967989,10.2330011101812,10.4965753351132
2401001,48.9696495164562,63177.4831039946,25404,20957.5508973858,6.98,45074.3760687132,700.61,9.82774294586756,10.0689978250485,10.0856047368109,10.2030690923188,10.3085858419425,10.5672747430635
2401002,575.943340147576,63908.183091007,22716,24784.6357153054,4.86,68742.3763700398,106.59,9.79739126375235,10.0105464159056,10.189323637478,10.4004636081405,10.6435397177603,10.9516385263275
2401003,693.896773756611,66869.5701780234,24504,23033.411213048,6.25,78303.0397934231,90.75,9.74976757050391,10.0872928095915,10.312464209263,10.5963563603555,10.814786061624,11.0114726090352
2401004,364.388629867641,90167.7404033235,26628,26401.61755183,11.34,58063.1984826934,118.07,10.0223454961551,10.3246034789885,10.4850653984842,10.5380856473767,10.6808625742769,10.7882242991686
2401005,745.171874529609,63559.4392997562,23256,20119.8511379002,4.79,62812.4928820343,61.34,9.91082159532674,10.1809846122348,10.4955799309044,10.6654385230722,10.888725092471,11.1243435348342
2401006,404.482017705579,61714.6351515913,22164,24213.0727000845,5.22,50295.6718596531,111.12,9.78630299237447,10.0749652407472,10.3288981294915,10.5053691274627,10.6729569668638,10.9870923652401
2401007,1299.82188118459,70964.9046899664,21096,22630.4441387456,-0.84,58400.5096508834,34.04,10.0005453038334,10.2856101399321,10.6077537497228,10.8048130059967,10.9089392856614,11.1407157936202
2401008,641.116163025577,93414.0066967382,28476,25148.7338468704,9.95,51062.8205234184,54.72,10.2697291746482,10.4211863727854,10.7229988282766,10.7446496334122,10.7731929520561,10.9582133208803
2401101,1098.85190672784,41984.3011983918,20544,20852.3065632249,-3.33,46711.7406976351,41.86,9.70727631451326,10.1386302916327,10.5978473249502,10.9232487618247,11.1756752274915,11.7217663856214
2401102,313.264451644818,54249.0252967732,21852,19833.7892953388,-1.96,65391.5178554864,166.57,9.75417586271999,9.98638923197126,10.2158114886563,10.5265702102659,10.715930395167,11.177164910909
2401103,669.617275022169,53913.0058867778,19212,16946.73043854,-9.06,49581.2280659175,50.69,10.084623987014,10.1788748738386,10.5404804097565,10.8983684466818,11.2182959747879,11.4471592952694
2401104,533.974458898124,51739.7738233157,19236,15375.2376560156,-18.15,57004.4162047639,68.1,10.0194178828316,10.239447230087,10.4040494542883,10.8560345368375,11.2201509096117,11.5305746399812
2401105,273.147389714668,55482.2518930899,25728,24318.3813491086,-5.24,85317.4723847061,301.12,9.61554703249893,9.78217071334074,9.9640186103414,10.0948591174532,10.3658725852578,10.8161554068737
2401106,85.7222229672689,50174.9700514223,26352,19723.9489599485,-9.41,55556.7891079488,540.9,9.62868811252188,9.85602062355409,10.0417930065845,10.1895874794077,10.4934547832107,10.897199849222
2401107,417.2919230036,52867.4447378316,19104,13483.3041632745,-15.42,61110.7111897427,80.79,10.1504928222648,10.219092059077,10.4869942737874,10.7923790518695,11.2117121623912,11.7609087932272
2401501,65.0299761211013,46695.8147164415,19140,18722.8743706609,-3.5,47314.9186546414,603.05,9.6725988257505,9.98983153711472,9.93786586577957,10.1095929262332,10.3466944019956,10.7277184194032
2401700,50.1510628629309,39049.4256140511,22068,16524.0676231141,-3.84,73039.5801064595,1185.76,9.46639936989161,9.68135802183723,9.77755899608038,9.86669663943416,10.31535523744,10.5405250189687
5101301,1598.49469062016,93644.4174293493,28956,29304.8124192077,7.27,67895.584791563,33.94,10.2467957740612,10.3313724126782,10.4977249794815,10.6233953397509,10.8533120633839,11.0002158718739
5101302,1593.42599258454,82744.307793524,25152,24763.3682614554,-0.07,71768.8071290773,33.39,10.0858673050762,10.3424840328526,10.5541775073051,10.6487538812513,10.9144358843127,11.1533057389741
5105901,454.770392525251,70070.9317674842,25812,28043.417900083,14.98,49238.0608010576,102.57,9.76321912524124,10.0886538755902,10.3353109560662,10.5353112475778,10.7227958794181,10.9893616348502
5105902,637.375757648189,82767.1646954013,26004,30759.897853836,9.45,79081.9006505283,114.23,9.70356679462273,10.1011717998198,10.2383500111482,10.4608059922223,10.6042384907841,10.8208913970249
5105904,485.774881362899,84986.4061834272,27600,29432.2185795445,13.46,56861.5274460168,101.1,9.81140961140282,10.2344993730232,10.4236224616691,10.5398724485545,10.6733215858401,10.8225994643035
5105905,156.585462400923,70910.2274895797,29892,28329.9107503322,12.18,42606.6169319903,258.21,9.75766624419396,10.0399444537896,10.1992367454767,10.3808502506551,10.4646693752173,10.7241033616805
5105906,581.278326393311,76889.3890754928,28860,25797.45232296,11.9,46835.8899470384,65.68,9.94216347231142,10.265447066174,10.5601033563203,10.6490221079977,10.7749573996865,11.0147710613257
5105907,855.505260391049,67582.1133150195,23028,24934.2140799325,10.08,63788.1185872503,64.43,9.76819593954294,10.0886056901048,10.4800696110512,10.6436055774052,10.8855049718491,11.0963181579874
5105908,580.638042758929,66535.6782515823,22068,21579.7845197316,6.48,59523.7089921825,77.51,9.88848561636126,10.1390113755643,10.4661872832224,10.6049133991236,10.8072642650984,10.9808779182979
5106100,13.1982226910981,40173.6330606165,16092,16092,-6.86,85696.9474489197,5064.12,9.2528963077176,9.4777147342935,9.5692796141156,9.74437905679022,9.99885228927932,10.3889284507131
5110701,537.287699317431,68093.3939236231,26400,27080.9258878542,10,49570.6870919116,86.13,9.75610790056651,10.1473081475934,10.3555171010672,10.5150340460776,10.8210346818722,11.0777732066462
5110702,386.676178767636,88075.3699577428,28668,36289.069948474,14.79,59291.8075640519,158.97,9.76530525003369,10.09960290739,10.2542675654813,10.2873052193661,10.4748297868243,10.6314626765999
5110703,55.827472501381,63109.8824447034,22992,29000.2261322576,2.74,57766.8799911933,1090.65,9.36749991295267,9.75396312100201,9.90709188952971,10.0039566738469,10.1173521417113,10.3949343655317
5115301,89.80455440284,66884.8599709741,27540,29088.772810048,6.55,52020.8779386245,588.22,9.52856266142809,9.9831298132561,10.0010272520654,10.1014640961894,10.3399068716522,10.5691036141191
5115302,562.683732193505,52727.4867733743,23064,24978.4201063657,-0.34,63976.6849000231,116.4,9.65471058264967,9.86178490154175,10.1414091173649,10.2941544735813,10.5709872940894,10.940392565621
5115303,470.655656861565,50872.1897932445,22632,22940.2399713314,-5.64,41040.696682442,83.9,9.82357980730544,10.0254256165623,10.223762606772,10.5094107948972,10.7590055632165,11.1122173066678
5117700,24.9652374311613,39510.3337206696,19056,16590.5754852741,-9.4,88270.1163257019,2870.73,9.27426283687896,9.58162496414674,9.56202169631652,9.8285571444875,10.1629241372624,10.4769523528849
5117900,96.1642079499584,49010.2572420293,20208,21276.7105125276,-5.13,76221.7830369179,724.3,9.40577356600697,9.69786718695573,9.88384494314748,10.0682275506958,10.2423376740786,10.5632341448391
5151000,1727.41687680466,82457.5232873674,23796,23684.336731966,-0.13,93993.8652109248,38.68,10.045565863654,10.3139287305887,10.4758770992399,10.5989964395154,10.7753162826977,11.0443457251359
5160001,573.385400263265,78021.2035369472,27492,28296.4266969993,14.55,63514.053263096,97.99,9.75976383684135,10.1567681240861,10.3849913277722,10.4761021510352,10.617487664866,10.803453858782
5161001,308.498089098946,98161.0320673991,27324,31540.1698458563,13.39,56720.9811259377,152.49,9.87860092197777,10.2924609422508,10.4652929866701,10.4947861670945,10.6073383645303,10.7295232485102
5168701,440.183974342274,56264.393933977,22068,24381.345309024,-2.05,52000.9672099467,113.13,9.69797026918865,10.0290419172405,10.2473137056853,10.4543832855338,10.8010793471427,11.075669829028
