gid,name,welfare_usd,price_model_usd,rent_data_usd,wedge_usd,welfare_rank,wedge_rank,unpriced_soc_usd,mu_pct,mc_usd,profit_usd,net_social_usd,eta_model,households,H_units
603703,"Los Angeles County (North Central)--Lancaster City",12854,14340,18576,-1486,91,89,0,-7.45,9346,4994,3508,-0.416,47421,57564
603704,"Los Angeles County (North Central)--Palmdale City",17003,18995,19164,-1992,88,91,0,-5.27,9757,9238,7246,-0.42,59529,53685
603705,"Los Angeles County (North)--LA City (Northwest/Chatsworth & Porter Ranch)",25138,25245,24372,-107,21,45,0,7.91,15593,9652,9545,-0.423,67614,63427
603706,"Los Angeles County (North)--LA City (North Central/Granada Hills & Sylmar)",21431,22130,22764,-699,58,70,0,0.99,12562,9568,8869,-0.42,45454,43459
603707,"Los Angeles County--LA (North Central/Arleta & Pacoima) & San Fernando Cities",23276,24757,20568,-1482,38,88,0,-8.01,10227,14530,13049,-0.421,47318,36294
603708,"Los Angeles County (North)--LA City (Northeast/Sunland, Sun Valley & Tujunga)",20579,21279,20460,-700,65,71,0,-0.55,11399,9880,9180,-0.42,43734,43071
603709,"Los Angeles County (Central)--San Gabriel Valley Region (North)",18038,18483,25572,-445,85,61,0,2.97,13680,4803,4358,-0.422,34923,41803
603710,"Los Angeles County--Baldwin Park, Azusa, Duarte & Irwindale Cities",25040,25649,21804,-608,23,68,0,-4.3,8922,16727,16118,-0.421,60660,51210
603711,"Los Angeles County (East Central)--Glendora, Claremont, San Dimas & La Verne Cities",22903,22649,25044,254,42,28,0,3.53,11770,10879,11133,-0.42,51087,57164
603712,"Los Angeles County (East Central)--Pomona City",22640,23561,19596,-921,47,76,0,-7.93,9803,13758,12837,-0.419,49118,42534
603713,"Los Angeles County (East Central)--Covina & Walnut Cities",24038,24403,22788,-364,33,59,0,4.16,11440,12963,12598,-0.419,38271,35337
603714,"Los Angeles County--Diamond Bar, La Habra Heights (East) Cities & Rowland Heights",24268,24173,25188,96,30,34,0,10.16,12120,12053,12148,-0.419,34431,34811
603715,"Los Angeles County (East Central)--West Covina City",22900,23652,23652,-752,43,73,0,-2.12,9928,13724,12972,-0.419,38004,33766
603716,"Los Angeles County (East Central)--La Puente & Industry Cities",25264,26340,21384,-1076,20,79,0,-3.72,8609,17731,16655,-0.419,33340,25651
603717,"Los Angeles County (East Central)--Arcadia, San Gabriel & Temple City Cities",24488,24044,23172,444,27,25,0,9.61,10448,13596,14040,-0.422,62197,67501
603718,"Los Angeles County (Central)--Pasadena City",22394,21842,25116,552,51,21,0,-5.31,12973,8869,9421,-0.421,48891,60448
603719,"Los Angeles County (Central)--Glendale City",21673,21486,24024,187,56,29,0,9.69,14450,7036,7223,-0.422,66293,77062
603720,"Los Angeles County (Central)--Burbank City",21116,20953,24336,163,61,32,0,4.32,13445,7508,7671,-0.421,44982,53189
603721,"Los Angeles County (North)--LA City (Northeast/North Hollywood & Valley Village)",19418,19639,21972,-221,75,50,0,-3.33,12466,7173,6952,-0.421,49986,57787
603722,"Los Angeles County (Northwest)--LA City (North Central/Van Nuys & North Sherman Oaks)",19726,20082,21096,-356,73,58,0,-2.95,13426,6656,6300,-0.422,57822,63643
603723,"Los Angeles County (North)--LA City (North Central/Mission Hills & Panorama City)",20610,21777,19356,-1167,64,82,0,-4.77,11397,10380,9213,-0.42,46289,41126
603724,"Los Angeles County (Northwest)--LA City (Northwest/Encino & Tarzana)",23203,23039,22740,163,41,31,0,5.73,12168,10871,11035,-0.422,59935,64278
603725,"Los Angeles County--LA City (Northwest/Canoga Park, Winnetka & Woodland Hills)",24067,23980,26340,87,31,36,0,3.69,14121,9859,9946,-0.423,66988,68163
603728,"Los Angeles County (Southwest)--Santa Monica City",21508,20490,27048,1017,57,8,0,2.16,24043,-3553,-2535,-0.421,39804,58781
603730,"Los Angeles County (West Central)--LA City (Central/Hancock Park & Mid-Wilshire)",22174,21545,25608,630,53,16,0,1.37,24352,-2807,-2178,-0.424,63132,79754
603731,"Los Angeles County (Central)--West Hollywood & Beverly Hills Cities",19271,18390,26364,881,76,11,0,8.83,31206,-12816,-11935,-0.422,40340,66090
603732,"Los Angeles County (Central)--LA City (East Central & Hollywood)",18519,18478,20904,40,82,38,0,-1.12,24383,-5905,-5864,-0.423,69714,90093
603733,"Los Angeles County (Central)--LA City (Central/Koreatown)",18234,18516,19020,-282,84,54,0,-3.11,11440,7076,6794,-0.42,42786,51220
603734,"Los Angeles County--LA City (East Central/Silver Lake, Echo Park & Westlake)",20395,20386,17748,9,68,39,0,-4.4,16838,3548,3557,-0.424,71314,83197
603735,"Los Angeles County--LA City (Mount Washington, Highland Park & Glassell Park)",24616,24619,19860,-4,25,40,0,-1.83,10775,13844,13841,-0.423,67401,65367
603736,"Los Angeles County (Central)--Alhambra & South Pasadena Cities",24612,24037,22200,575,26,19,0,7.99,11322,12715,13290,-0.42,40154,44716
603737,"Los Angeles County (Central)--Monterey Park & Rosemead Cities",22859,23072,20688,-212,44,48,0,9.78,9144,13928,13715,-0.419,40164,39889
603738,"Los Angeles County (Central)--El Monte & South El Monte Cities",20442,21357,19356,-914,67,75,0,-1.89,9231,12126,11211,-0.419,36970,34624
603739,"Los Angeles County (Southeast)--Whittier City & Hacienda Heights",23822,23966,21492,-144,34,46,0,2.14,12421,11545,11401,-0.422,54734,53657
603740,"Los Angeles County (Central)--Pico Rivera & Montebello Cities",22265,22820,20412,-555,52,66,0,-3.05,8589,14231,13676,-0.42,39608,37561
603741,"Los Angeles County (Central)--Bell Gardens, Bell, Maywood, Cudahy & Commerce Cities",20077,21444,17712,-1367,69,85,0,-6.79,11313,10131,8764,-0.421,39295,34084
603742,"Los Angeles County (Central)--Huntington Park City, Florence-Graham & Walnut Park",18713,20129,16464,-1416,81,87,0,-7.78,8685,11444,10028,-0.421,36361,32795
603743,"Los Angeles County (Central)--East Los Angeles",22532,23654,16524,-1122,49,81,0,-6.87,11676,11978,10856,-0.42,37648,31350
603744,"Los Angeles County (Central)--LA City (East Central/Central City & Boyle Heights)",19813,19907,19428,-94,72,44,0,-8.26,11440,8467,8373,-0.423,66636,78022
603745,"Los Angeles County (Central)--LA City (Southeast/East Vernon)",19116,20640,16704,-1524,77,90,0,-11.84,11440,9200,7676,-0.421,34687,29999
603746,"Los Angeles County--LA City (Central/Univ. of Southern California & Exposition Park)",17891,18688,16584,-797,86,74,0,-9.65,11440,7248,6451,-0.42,32554,34568
603747,"Los Angeles County (Central)--LA City (Central/West Adams & Baldwin Hills)",18887,18965,18288,-78,80,43,0,-15.68,11304,7661,7583,-0.422,55070,67605
603748,"Los Angeles County--LA (Southwest/Marina del Rey & Westchester) & Culver City Cities",25519,24383,33264,1136,19,5,0,-3.01,14444,9939,11075,-0.427,74036,90722
603750,"Los Angeles County (South Central)--LA City (South Central/Westmont)",18354,19354,16836,-999,83,77,0,-16.45,8526,10828,9828,-0.423,55439,55203
603751,"Los Angeles County (South Central)--LA City (South Central/Watts)",16987,18294,16512,-1306,89,84,0,-16.36,8256,10038,8731,-0.421,40626,40034
603752,"Los Angeles County (South)--South Gate & Lynwood Cities",25090,26466,17088,-1376,22,86,0,-6.16,8322,18144,16768,-0.422,56175,41166
603753,"Los Angeles County (South)--Downey City",26379,26605,21768,-226,12,51,0,-0.63,10149,16456,16230,-0.42,40111,34903
603754,"Los Angeles County (Southeast)--La Mirada & Santa Fe Springs Cities",24637,24905,21408,-268,24,52,0,-0.65,9352,15553,15285,-0.42,43787,40234
603757,"Los Angeles County (South Central)--Compton City & West Rancho Dominquez",19885,21052,17412,-1167,71,83,0,-16.86,7840,13212,12045,-0.421,45844,41578
603758,"Los Angeles County (South Central)--Gardena, Lawndale Cities & West Athens",19511,19853,19332,-342,74,56,0,-9.36,9121,10732,10390,-0.421,47560,52730
603759,"Los Angeles County (South Central)--Hawthorne City",23453,23487,19500,-34,36,41,0,-9.21,10370,13117,13083,-0.419,38094,38096
603760,"Los Angeles County--Redondo Beach, Manhattan Beach & Hermosa Beach Cities",25589,24113,30780,1477,18,2,0,1.26,19347,4766,6242,-0.423,46449,62636
603761,"Los Angeles County (South Central)--Torrance City",27360,26392,25656,968,7,9,0,5.68,10587,15805,16773,-0.421,46699,50065
603762,"Los Angeles County (South Central)--Carson City",26052,25961,21744,91,16,35,0,-3.82,8732,17229,17320,-0.42,37825,35244
603763,"Los Angeles County (South Central)--Long Beach City (North)",22644,22860,19368,-216,46,49,0,-7.78,9235,13625,13409,-0.42,46509,46534
603764,"Los Angeles County (South)--Lakewood, Cerritos, Artesia & Hawaiian Gardens Cities",26331,26266,27024,65,13,37,0,5.68,9553,16713,16778,-0.422,55519,50955
603766,"Los Angeles County (South)--Long Beach City (Southwest & Port)",17811,18166,18204,-355,87,57,0,-7.52,9454,8712,8357,-0.419,31862,38284
603767,"Los Angeles County (South)--LA City (South/San Pedro)",21739,21925,18636,-186,55,47,0,-3.67,11094,10831,10645,-0.421,60291,62918
603768,"Los Angeles County (Southwest)--Palos Verdes Peninsula",21258,20681,26304,577,60,18,0,7.29,16699,3982,4559,-0.421,34311,45195
603770,"Los Angeles County (West Central)--LA City (West Los Angeles, Century City & Palms)",22604,21784,26388,820,48,13,0,-2.9,16217,5567,6387,-0.421,38593,50194
603771,"Los Angeles County (Northwest)--Santa Clarita City (South)",24338,25047,26628,-708,29,72,0,1.9,14550,10497,9788,-0.419,42490,36734
603772,"Los Angeles County (North/Unincorporated)--Castaic",16644,17758,24156,-1114,90,80,0,-0.22,13442,4316,3202,-0.42,29763,32385
603773,"Los Angeles County (Northwest)--Santa Clarita City (North)",23237,23552,29496,-315,39,55,0,5.33,13189,10363,10048,-0.419,40883,40210
603774,"Los Angeles County--Calabasas, Agoura Hills, Malibu & Westlake Village Cities",20073,19665,35064,408,70,26,0,8.51,35392,-15727,-15319,-0.424,44572,60163
603775,"Los Angeles County (Central)--LA City (Central)",21076,20619,27024,458,62,24,0,4.67,23131,-2512,-2055,-0.423,43598,56164
603776,"Los Angeles County (West Central)--LA City (Central/Westwood & West Los Angeles)",22764,22139,29700,626,45,17,0,6.32,21640,499,1124,-0.42,38417,46744
603778,"Los Angeles County (Central)--Inglewood City",20953,21401,19800,-448,63,62,0,-14.41,10696,10705,10257,-0.42,38211,38609
603779,"Los Angeles County (Southeast)--Long Beach City (East)",23450,22725,23676,725,37,14,0,4.98,11015,11710,12435,-0.421,41362,50677
603780,"Los Angeles County (Southeast)--Long Beach (Central) & Signal Hill Cities",19041,19313,20724,-272,78,53,0,-7.1,12489,6824,6552,-0.42,40363,46797
603781,"Los Angeles County (Southeast)--Norwalk City",26616,27270,22344,-654,11,69,0,-4.24,7891,19379,18725,-0.419,34381,27185
603782,"Los Angeles County (Southeast)--Bellflower & Paramount Cities",23758,24296,20304,-538,35,63,0,-5.72,9777,14519,13981,-0.42,43677,39099
605906,"Orange County (North)--Yorba Linda, La Habra & Brea Cities",23211,23083,25740,128,40,33,0,7.56,12570,10513,10641,-0.423,61884,65709
605907,"Orange County (North Central)--Fullerton & Placentia Cities",24419,24241,23820,177,28,30,0,4.07,12127,12114,12292,-0.423,65132,66009
605908,"Orange County (Northwest)--Buena Park, Cypress & Seal Beach Cities",24053,23680,26136,373,32,27,0,2.98,10864,12816,13189,-0.423,59652,64467
605909,"Orange County (North Central)--Anaheim City (West)",21330,21911,22680,-580,59,67,0,-0.73,9708,12203,11622,-0.42,46060,44246
605912,"Orange County (Northwest)--Westminster, Stanton & Garden Grove (West) Cities",22474,22886,23604,-412,50,60,0,4.58,8836,14050,13638,-0.421,56517,53651
605913,"Orange County (Northwest)--Garden Grove City (East)",26064,26618,22548,-554,15,64,0,3.96,8379,18239,17685,-0.421,55536,44695
605914,"Orange County (Northwest)--Huntington Beach City",22017,21510,27816,506,54,23,0,5.49,12569,8941,9448,-0.424,65188,79835
605916,"Orange County (Central)--Santa Ana City (West)",30031,31083,23772,-1052,4,78,0,-3.85,8068,23015,21963,-0.421,53693,34847
605917,"Orange County (Central)--Santa Ana City (East)",27312,27866,21456,-554,8,65,0,-7.31,9308,18558,18004,-0.421,53749,41041
605918,"Orange County (Central)--Costa Mesa & Fountain Valley Cities",26790,26082,27720,708,10,15,0,3.76,12817,13265,13973,-0.423,67850,68826
605919,"Orange County (North Central)--Anaheim City (East)",25647,25712,24408,-65,17,42,0,-0.31,11415,14297,14232,-0.423,67145,60797
605920,"Orange County (Central)--Orange & Villa Park Cities",26269,25719,25584,550,14,22,0,1.93,12383,13336,13886,-0.421,47461,47817
605921,"Orange County (Northeast)--Lake Forest, Irvine (North) Cities & Silverado",32322,31488,32940,835,2,12,0,7.74,15078,16410,17244,-0.424,58298,48672
605922,"Orange County (Central)--Irvine (Northwest) & Tustin Cities",28096,26973,27924,1124,6,6,0,2.69,14765,12208,13331,-0.421,46595,49132
605923,"Orange County (Central)--Irvine City (Central)",33574,31586,33168,1988,1,1,0,15.52,13846,17740,19728,-0.423,52658,53410
605924,"Orange County (Central)--Irvine City (South)",32268,31054,32532,1215,3,4,0,6.23,13112,17942,19156,-0.421,44330,39872
605925,"Orange County (West Central)--Newport Beach, Aliso Viejo & Laguna Woods Cities",18899,17945,32028,954,79,10,0,7.58,26973,-9028,-8074,-0.423,53726,90397
605926,"Orange County (South Central)--Mission Viejo and Laguna Hills Cities",26811,25728,31332,1083,9,7,0,9.75,12820,12908,13991,-0.42,38706,42456
605927,"Orange County (Southeast)--Rancho Santa Margarita City & Ladera Ranch",29882,28463,31692,1419,5,3,0,5.76,18383,10080,11499,-0.421,35739,37176
605928,"Orange County (Southwest)--San Clemente, Laguna Niguel & San Juan Capistrano Cities",20526,19957,30288,569,66,20,0,5.55,16970,2987,3556,-0.419,59356,78206
